Model Type,Optimizer,CV Type,Split,K-Folds,HL Widths,Conv Layer Type,Pooling,Learning Rate,Batch Size,Epochs,Training Accuracy,Validation Accuracy,Testing Accuracy,Training Loss,Validation Loss,Testing Loss,Accuracies,Max Accuracy
Classifier,Adam,K-Fold,"[0.8, 0.1, 0.1]",10,32,TagConv,AvgPooling,0.001,64,1,0.495625,0.6290625,0.8485,1.2528340668148465,0.9544276022911071,0.3770247995853424,"[0.8428125, 0.8496875, 0.8465625, 0.833125, 0.8278125, 0.83375, 0.8390625, 0.8328125, 0.8353125, 0.841875]",0.8496875
Classifier,Adam,K-Fold,"[0.8, 0.1, 0.1]",10,32,TagConv,AvgPooling,0.001,64,2,0.6564583333333334,0.699375,0.8485,0.8367298429542117,0.7557355666160583,0.3770247995853424,"[0.8428125, 0.8496875, 0.8465625, 0.833125, 0.8278125, 0.83375, 0.8390625, 0.8328125, 0.8353125, 0.841875]",0.8496875
Classifier,Adam,K-Fold,"[0.8, 0.1, 0.1]",10,32,TagConv,AvgPooling,0.001,64,3,0.7241319444444444,0.75125,0.8485,0.6968118274211883,0.6509858965873718,0.3770247995853424,"[0.8428125, 0.8496875, 0.8465625, 0.833125, 0.8278125, 0.83375, 0.8390625, 0.8328125, 0.8353125, 0.841875]",0.8496875
Classifier,Adam,K-Fold,"[0.8, 0.1, 0.1]",10,32,TagConv,AvgPooling,0.001,64,4,0.7636111111111111,0.774375,0.8485,0.6158482782708274,0.5883047431707382,0.3770247995853424,"[0.8428125, 0.8496875, 0.8465625, 0.833125, 0.8278125, 0.83375, 0.8390625, 0.8328125, 0.8353125, 0.841875]",0.8496875
Classifier,Adam,K-Fold,"[0.8, 0.1, 0.1]",10,32,TagConv,AvgPooling,0.001,64,5,0.7836805555555556,0.7940625,0.8485,0.5644381895992491,0.5431788331270218,0.3770247995853424,"[0.8428125, 0.8496875, 0.8465625, 0.833125, 0.8278125, 0.83375, 0.8390625, 0.8328125, 0.8353125, 0.841875]",0.8496875
Classifier,Adam,K-Fold,"[0.8, 0.1, 0.1]",10,32,TagConv,AvgPooling,0.001,64,6,0.7970138888888889,0.8084375,0.8485,0.5287815876139534,0.5150533360242844,0.3770247995853424,"[0.8428125, 0.8496875, 0.8465625, 0.833125, 0.8278125, 0.83375, 0.8390625, 0.8328125, 0.8353125, 0.841875]",0.8496875
Classifier,Adam,K-Fold,"[0.8, 0.1, 0.1]",10,32,TagConv,AvgPooling,0.001,64,7,0.8050347222222223,0.8040625,0.8485,0.505206687119272,0.4945924592018127,0.3770247995853424,"[0.8428125, 0.8496875, 0.8465625, 0.833125, 0.8278125, 0.83375, 0.8390625, 0.8328125, 0.8353125, 0.841875]",0.8496875
Classifier,Adam,K-Fold,"[0.8, 0.1, 0.1]",10,32,TagConv,AvgPooling,0.001,64,8,0.8094444444444444,0.8140625,0.8485,0.4870658183760113,0.4778230518102646,0.3770247995853424,"[0.8428125, 0.8496875, 0.8465625, 0.833125, 0.8278125, 0.83375, 0.8390625, 0.8328125, 0.8353125, 0.841875]",0.8496875
Classifier,Adam,K-Fold,"[0.8, 0.1, 0.1]",10,32,TagConv,AvgPooling,0.001,64,9,0.8125347222222222,0.8128125,0.8485,0.4742665272951126,0.46768764972686766,0.3770247995853424,"[0.8428125, 0.8496875, 0.8465625, 0.833125, 0.8278125, 0.83375, 0.8390625, 0.8328125, 0.8353125, 0.841875]",0.8496875
Classifier,Adam,K-Fold,"[0.8, 0.1, 0.1]",10,32,TagConv,AvgPooling,0.001,64,10,0.8135069444444445,0.8203125,0.8485,0.46453404479556615,0.45657908022403715,0.3770247995853424,"[0.8428125, 0.8496875, 0.8465625, 0.833125, 0.8278125, 0.83375, 0.8390625, 0.8328125, 0.8353125, 0.841875]",0.8496875
Classifier,Adam,K-Fold,"[0.8, 0.1, 0.1]",10,32,TagConv,AvgPooling,0.001,64,11,0.8164930555555555,0.8278125,0.8485,0.4563793785704507,0.45082993149757383,0.3770247995853424,"[0.8428125, 0.8496875, 0.8465625, 0.833125, 0.8278125, 0.83375, 0.8390625, 0.8328125, 0.8353125, 0.841875]",0.8496875
Classifier,Adam,K-Fold,"[0.8, 0.1, 0.1]",10,32,TagConv,AvgPooling,0.001,64,12,0.8175,0.8184375,0.8485,0.44960658649603524,0.44795300960540774,0.3770247995853424,"[0.8428125, 0.8496875, 0.8465625, 0.833125, 0.8278125, 0.83375, 0.8390625, 0.8328125, 0.8353125, 0.841875]",0.8496875
Classifier,Adam,K-Fold,"[0.8, 0.1, 0.1]",10,32,TagConv,AvgPooling,0.001,64,13,0.8187152777777778,0.82875,0.8485,0.44485441002580856,0.4400080531835556,0.3770247995853424,"[0.8428125, 0.8496875, 0.8465625, 0.833125, 0.8278125, 0.83375, 0.8390625, 0.8328125, 0.8353125, 0.841875]",0.8496875
Classifier,Adam,K-Fold,"[0.8, 0.1, 0.1]",10,32,TagConv,AvgPooling,0.001,64,14,0.8203819444444445,0.8265625,0.8485,0.4400501686996884,0.43645414531230925,0.3770247995853424,"[0.8428125, 0.8496875, 0.8465625, 0.833125, 0.8278125, 0.83375, 0.8390625, 0.8328125, 0.8353125, 0.841875]",0.8496875
Classifier,Adam,K-Fold,"[0.8, 0.1, 0.1]",10,32,TagConv,AvgPooling,0.001,64,15,0.8203819444444445,0.8275,0.8485,0.4363155413998498,0.4327299362421036,0.3770247995853424,"[0.8428125, 0.8496875, 0.8465625, 0.833125, 0.8278125, 0.83375, 0.8390625, 0.8328125, 0.8353125, 0.841875]",0.8496875
Classifier,Adam,K-Fold,"[0.8, 0.1, 0.1]",10,32,TagConv,AvgPooling,0.001,64,16,0.821875,0.828125,0.8485,0.43381182657347783,0.4318674492835999,0.3770247995853424,"[0.8428125, 0.8496875, 0.8465625, 0.833125, 0.8278125, 0.83375, 0.8390625, 0.8328125, 0.8353125, 0.841875]",0.8496875
Classifier,Adam,K-Fold,"[0.8, 0.1, 0.1]",10,32,TagConv,AvgPooling,0.001,64,17,0.8218402777777778,0.826875,0.8485,0.4311135070191489,0.428409526348114,0.3770247995853424,"[0.8428125, 0.8496875, 0.8465625, 0.833125, 0.8278125, 0.83375, 0.8390625, 0.8328125, 0.8353125, 0.841875]",0.8496875
Classifier,Adam,K-Fold,"[0.8, 0.1, 0.1]",10,32,TagConv,AvgPooling,0.001,64,18,0.8253472222222222,0.8259375,0.8485,0.4281550866034296,0.42881693184375763,0.3770247995853424,"[0.8428125, 0.8496875, 0.8465625, 0.833125, 0.8278125, 0.83375, 0.8390625, 0.8328125, 0.8353125, 0.841875]",0.8496875
Classifier,Adam,K-Fold,"[0.8, 0.1, 0.1]",10,32,TagConv,AvgPooling,0.001,64,19,0.8241319444444445,0.821875,0.8485,0.4260757060845693,0.4284276849031448,0.3770247995853424,"[0.8428125, 0.8496875, 0.8465625, 0.833125, 0.8278125, 0.83375, 0.8390625, 0.8328125, 0.8353125, 0.841875]",0.8496875
Classifier,Adam,K-Fold,"[0.8, 0.1, 0.1]",10,32,TagConv,AvgPooling,0.001,64,20,0.8230902777777778,0.829375,0.8485,0.42426589277055526,0.4249423730373383,0.3770247995853424,"[0.8428125, 0.8496875, 0.8465625, 0.833125, 0.8278125, 0.83375, 0.8390625, 0.8328125, 0.8353125, 0.841875]",0.8496875
Classifier,Adam,K-Fold,"[0.8, 0.1, 0.1]",10,32,TagConv,AvgPooling,0.001,64,21,0.8251388888888889,0.8325,0.8485,0.4226597162750032,0.4222903269529343,0.3770247995853424,"[0.8428125, 0.8496875, 0.8465625, 0.833125, 0.8278125, 0.83375, 0.8390625, 0.8328125, 0.8353125, 0.841875]",0.8496875
Classifier,Adam,K-Fold,"[0.8, 0.1, 0.1]",10,32,TagConv,AvgPooling,0.001,64,22,0.8255555555555556,0.8334375,0.8485,0.4208761083417469,0.42136314034461975,0.3770247995853424,"[0.8428125, 0.8496875, 0.8465625, 0.833125, 0.8278125, 0.83375, 0.8390625, 0.8328125, 0.8353125, 0.841875]",0.8496875
Classifier,Adam,K-Fold,"[0.8, 0.1, 0.1]",10,32,TagConv,AvgPooling,0.001,64,23,0.8254513888888889,0.8325,0.8485,0.41926075134012436,0.41837729096412657,0.3770247995853424,"[0.8428125, 0.8496875, 0.8465625, 0.833125, 0.8278125, 0.83375, 0.8390625, 0.8328125, 0.8353125, 0.841875]",0.8496875
Classifier,Adam,K-Fold,"[0.8, 0.1, 0.1]",10,32,TagConv,AvgPooling,0.001,64,24,0.8263194444444445,0.8325,0.8485,0.4180959901544783,0.4173177134990692,0.3770247995853424,"[0.8428125, 0.8496875, 0.8465625, 0.833125, 0.8278125, 0.83375, 0.8390625, 0.8328125, 0.8353125, 0.841875]",0.8496875
Classifier,Adam,K-Fold,"[0.8, 0.1, 0.1]",10,32,TagConv,AvgPooling,0.001,64,25,0.8277430555555556,0.83375,0.8485,0.4170052276386155,0.4162758725881577,0.3770247995853424,"[0.8428125, 0.8496875, 0.8465625, 0.833125, 0.8278125, 0.83375, 0.8390625, 0.8328125, 0.8353125, 0.841875]",0.8496875
Classifier,Adam,K-Fold,"[0.8, 0.1, 0.1]",10,32,TagConv,AvgPooling,0.001,64,26,0.8269097222222223,0.835625,0.8485,0.4158720103237364,0.41594496488571164,0.3770247995853424,"[0.8428125, 0.8496875, 0.8465625, 0.833125, 0.8278125, 0.83375, 0.8390625, 0.8328125, 0.8353125, 0.841875]",0.8496875
Classifier,Adam,K-Fold,"[0.8, 0.1, 0.1]",10,32,TagConv,AvgPooling,0.001,64,27,0.8278819444444444,0.8315625,0.8485,0.41408648553821775,0.4157606679201126,0.3770247995853424,"[0.8428125, 0.8496875, 0.8465625, 0.833125, 0.8278125, 0.83375, 0.8390625, 0.8328125, 0.8353125, 0.841875]",0.8496875
Classifier,Adam,K-Fold,"[0.8, 0.1, 0.1]",10,32,TagConv,AvgPooling,0.001,64,28,0.8287152777777778,0.8325,0.8485,0.4133493129081196,0.4173388868570328,0.3770247995853424,"[0.8428125, 0.8496875, 0.8465625, 0.833125, 0.8278125, 0.83375, 0.8390625, 0.8328125, 0.8353125, 0.841875]",0.8496875
Classifier,Adam,K-Fold,"[0.8, 0.1, 0.1]",10,32,TagConv,AvgPooling,0.001,64,29,0.8282986111111111,0.835,0.8485,0.41249734338786864,0.41382355511188507,0.3770247995853424,"[0.8428125, 0.8496875, 0.8465625, 0.833125, 0.8278125, 0.83375, 0.8390625, 0.8328125, 0.8353125, 0.841875]",0.8496875
Classifier,Adam,K-Fold,"[0.8, 0.1, 0.1]",10,32,TagConv,AvgPooling,0.001,64,30,0.8291666666666667,0.8359375,0.8485,0.4111383725868331,0.41414103150367737,0.3770247995853424,"[0.8428125, 0.8496875, 0.8465625, 0.833125, 0.8278125, 0.83375, 0.8390625, 0.8328125, 0.8353125, 0.841875]",0.8496875
Classifier,Adam,K-Fold,"[0.8, 0.1, 0.1]",10,32,TagConv,AvgPooling,0.001,64,31,0.8280208333333333,0.834375,0.8485,0.41007037298546894,0.4129918074607849,0.3770247995853424,"[0.8428125, 0.8496875, 0.8465625, 0.833125, 0.8278125, 0.83375, 0.8390625, 0.8328125, 0.8353125, 0.841875]",0.8496875
Classifier,Adam,K-Fold,"[0.8, 0.1, 0.1]",10,32,TagConv,AvgPooling,0.001,64,32,0.8288888888888889,0.8346875,0.8485,0.40934114432997176,0.4115514367818832,0.3770247995853424,"[0.8428125, 0.8496875, 0.8465625, 0.833125, 0.8278125, 0.83375, 0.8390625, 0.8328125, 0.8353125, 0.841875]",0.8496875
Classifier,Adam,K-Fold,"[0.8, 0.1, 0.1]",10,32,TagConv,AvgPooling,0.001,64,33,0.8302083333333333,0.8371875,0.8485,0.4084483928481738,0.4109102869033813,0.3770247995853424,"[0.8428125, 0.8496875, 0.8465625, 0.833125, 0.8278125, 0.83375, 0.8390625, 0.8328125, 0.8353125, 0.841875]",0.8496875
Classifier,Adam,K-Fold,"[0.8, 0.1, 0.1]",10,32,TagConv,AvgPooling,0.001,64,34,0.8294097222222222,0.8371875,0.8485,0.4075820171170764,0.4109633642435074,0.3770247995853424,"[0.8428125, 0.8496875, 0.8465625, 0.833125, 0.8278125, 0.83375, 0.8390625, 0.8328125, 0.8353125, 0.841875]",0.8496875
Classifier,Adam,K-Fold,"[0.8, 0.1, 0.1]",10,32,TagConv,AvgPooling,0.001,64,35,0.8298611111111112,0.8371875,0.8485,0.40720931986967723,0.4119788163900375,0.3770247995853424,"[0.8428125, 0.8496875, 0.8465625, 0.833125, 0.8278125, 0.83375, 0.8390625, 0.8328125, 0.8353125, 0.841875]",0.8496875
Classifier,Adam,K-Fold,"[0.8, 0.1, 0.1]",10,32,TagConv,AvgPooling,0.001,64,36,0.8301041666666666,0.8359375,0.8485,0.40615485578775407,0.41323638081550595,0.3770247995853424,"[0.8428125, 0.8496875, 0.8465625, 0.833125, 0.8278125, 0.83375, 0.8390625, 0.8328125, 0.8353125, 0.841875]",0.8496875
Classifier,Adam,K-Fold,"[0.8, 0.1, 0.1]",10,32,TagConv,AvgPooling,0.001,64,37,0.8330902777777778,0.835625,0.8485,0.4051457945505778,0.4125169312953949,0.3770247995853424,"[0.8428125, 0.8496875, 0.8465625, 0.833125, 0.8278125, 0.83375, 0.8390625, 0.8328125, 0.8353125, 0.841875]",0.8496875
Classifier,Adam,K-Fold,"[0.8, 0.1, 0.1]",10,32,TagConv,AvgPooling,0.001,64,38,0.8311111111111111,0.8334375,0.8485,0.4043313274780909,0.4095333904027939,0.3770247995853424,"[0.8428125, 0.8496875, 0.8465625, 0.833125, 0.8278125, 0.83375, 0.8390625, 0.8328125, 0.8353125, 0.841875]",0.8496875
Classifier,Adam,K-Fold,"[0.8, 0.1, 0.1]",10,32,TagConv,AvgPooling,0.001,64,39,0.8316319444444444,0.8371875,0.8485,0.40367253283659615,0.4074611473083496,0.3770247995853424,"[0.8428125, 0.8496875, 0.8465625, 0.833125, 0.8278125, 0.83375, 0.8390625, 0.8328125, 0.8353125, 0.841875]",0.8496875
Classifier,Adam,K-Fold,"[0.8, 0.1, 0.1]",10,32,TagConv,AvgPooling,0.001,64,40,0.8317013888888889,0.8359375,0.8485,0.4029301239384545,0.40871474087238313,0.3770247995853424,"[0.8428125, 0.8496875, 0.8465625, 0.833125, 0.8278125, 0.83375, 0.8390625, 0.8328125, 0.8353125, 0.841875]",0.8496875
Classifier,Adam,K-Fold,"[0.8, 0.1, 0.1]",10,32,TagConv,AvgPooling,0.001,64,41,0.8320833333333333,0.838125,0.8485,0.40248691926399865,0.4070615869760513,0.3770247995853424,"[0.8428125, 0.8496875, 0.8465625, 0.833125, 0.8278125, 0.83375, 0.8390625, 0.8328125, 0.8353125, 0.841875]",0.8496875
Classifier,Adam,K-Fold,"[0.8, 0.1, 0.1]",10,32,TagConv,AvgPooling,0.001,64,42,0.834375,0.8359375,0.8485,0.40124774439467326,0.4080354195833206,0.3770247995853424,"[0.8428125, 0.8496875, 0.8465625, 0.833125, 0.8278125, 0.83375, 0.8390625, 0.8328125, 0.8353125, 0.841875]",0.8496875
Classifier,Adam,K-Fold,"[0.8, 0.1, 0.1]",10,32,TagConv,AvgPooling,0.001,64,43,0.8336458333333333,0.839375,0.8485,0.4007288508945041,0.40778290569782255,0.3770247995853424,"[0.8428125, 0.8496875, 0.8465625, 0.833125, 0.8278125, 0.83375, 0.8390625, 0.8328125, 0.8353125, 0.841875]",0.8496875
Classifier,Adam,K-Fold,"[0.8, 0.1, 0.1]",10,32,TagConv,AvgPooling,0.001,64,44,0.8335763888888889,0.835625,0.8485,0.39942450367742116,0.40973031789064407,0.3770247995853424,"[0.8428125, 0.8496875, 0.8465625, 0.833125, 0.8278125, 0.83375, 0.8390625, 0.8328125, 0.8353125, 0.841875]",0.8496875
Classifier,Adam,K-Fold,"[0.8, 0.1, 0.1]",10,32,TagConv,AvgPooling,0.001,64,45,0.8345138888888889,0.83625,0.8485,0.3992756244540214,0.4092110079526901,0.3770247995853424,"[0.8428125, 0.8496875, 0.8465625, 0.833125, 0.8278125, 0.83375, 0.8390625, 0.8328125, 0.8353125, 0.841875]",0.8496875
Classifier,Adam,K-Fold,"[0.8, 0.1, 0.1]",10,32,TagConv,AvgPooling,0.001,64,46,0.8337152777777778,0.83625,0.8485,0.39843209316333134,0.40558525443077087,0.3770247995853424,"[0.8428125, 0.8496875, 0.8465625, 0.833125, 0.8278125, 0.83375, 0.8390625, 0.8328125, 0.8353125, 0.841875]",0.8496875
Classifier,Adam,K-Fold,"[0.8, 0.1, 0.1]",10,32,TagConv,AvgPooling,0.001,64,47,0.8345833333333333,0.836875,0.8485,0.3979517380396525,0.40650327146053317,0.3770247995853424,"[0.8428125, 0.8496875, 0.8465625, 0.833125, 0.8278125, 0.83375, 0.8390625, 0.8328125, 0.8353125, 0.841875]",0.8496875
Classifier,Adam,K-Fold,"[0.8, 0.1, 0.1]",10,32,TagConv,AvgPooling,0.001,64,48,0.8349305555555555,0.836875,0.8485,0.39705031272437835,0.40532160848379134,0.3770247995853424,"[0.8428125, 0.8496875, 0.8465625, 0.833125, 0.8278125, 0.83375, 0.8390625, 0.8328125, 0.8353125, 0.841875]",0.8496875
Classifier,Adam,K-Fold,"[0.8, 0.1, 0.1]",10,32,TagConv,AvgPooling,0.001,64,49,0.8344791666666667,0.836875,0.8485,0.39641283876366085,0.40638049006462096,0.3770247995853424,"[0.8428125, 0.8496875, 0.8465625, 0.833125, 0.8278125, 0.83375, 0.8390625, 0.8328125, 0.8353125, 0.841875]",0.8496875
Classifier,Adam,K-Fold,"[0.8, 0.1, 0.1]",10,32,TagConv,AvgPooling,0.001,64,50,0.8346527777777778,0.839375,0.8485,0.3959690194659763,0.404201083779335,0.3770247995853424,"[0.8428125, 0.8496875, 0.8465625, 0.833125, 0.8278125, 0.83375, 0.8390625, 0.8328125, 0.8353125, 0.841875]",0.8496875
Classifier,Adam,K-Fold,"[0.8, 0.1, 0.1]",10,32,TagConv,AvgPooling,0.001,64,51,0.8370486111111111,0.8378125,0.8485,0.394957960943381,0.40552963137626646,0.3770247995853424,"[0.8428125, 0.8496875, 0.8465625, 0.833125, 0.8278125, 0.83375, 0.8390625, 0.8328125, 0.8353125, 0.841875]",0.8496875
Classifier,Adam,K-Fold,"[0.8, 0.1, 0.1]",10,32,TagConv,AvgPooling,0.001,64,52,0.8363541666666666,0.8390625,0.8485,0.3947146008080906,0.4040531054139137,0.3770247995853424,"[0.8428125, 0.8496875, 0.8465625, 0.833125, 0.8278125, 0.83375, 0.8390625, 0.8328125, 0.8353125, 0.841875]",0.8496875
Classifier,Adam,K-Fold,"[0.8, 0.1, 0.1]",10,32,TagConv,AvgPooling,0.001,64,53,0.8365972222222222,0.8396875,0.8485,0.3938326283627086,0.4041592571139336,0.3770247995853424,"[0.8428125, 0.8496875, 0.8465625, 0.833125, 0.8278125, 0.83375, 0.8390625, 0.8328125, 0.8353125, 0.841875]",0.8496875
Classifier,Adam,K-Fold,"[0.8, 0.1, 0.1]",10,32,TagConv,AvgPooling,0.001,64,54,0.8359375,0.838125,0.8485,0.39296701321999233,0.40460628926754,0.3770247995853424,"[0.8428125, 0.8496875, 0.8465625, 0.833125, 0.8278125, 0.83375, 0.8390625, 0.8328125, 0.8353125, 0.841875]",0.8496875
Classifier,Adam,K-Fold,"[0.8, 0.1, 0.1]",10,32,TagConv,AvgPooling,0.001,64,55,0.8364930555555555,0.83875,0.8485,0.39267715662717817,0.40262474298477174,0.3770247995853424,"[0.8428125, 0.8496875, 0.8465625, 0.833125, 0.8278125, 0.83375, 0.8390625, 0.8328125, 0.8353125, 0.841875]",0.8496875
Classifier,Adam,K-Fold,"[0.8, 0.1, 0.1]",10,32,TagConv,AvgPooling,0.001,64,56,0.8377083333333334,0.8378125,0.8485,0.39156434890296726,0.4041014662384987,0.3770247995853424,"[0.8428125, 0.8496875, 0.8465625, 0.833125, 0.8278125, 0.83375, 0.8390625, 0.8328125, 0.8353125, 0.841875]",0.8496875
Classifier,Adam,K-Fold,"[0.8, 0.1, 0.1]",10,32,TagConv,AvgPooling,0.001,64,57,0.8372222222222222,0.8371875,0.8485,0.3916312239236302,0.40485311090946197,0.3770247995853424,"[0.8428125, 0.8496875, 0.8465625, 0.833125, 0.8278125, 0.83375, 0.8390625, 0.8328125, 0.8353125, 0.841875]",0.8496875
Classifier,Adam,K-Fold,"[0.8, 0.1, 0.1]",10,32,TagConv,AvgPooling,0.001,64,58,0.8372222222222222,0.841875,0.8485,0.39091316057576075,0.4020964050292969,0.3770247995853424,"[0.8428125, 0.8496875, 0.8465625, 0.833125, 0.8278125, 0.83375, 0.8390625, 0.8328125, 0.8353125, 0.841875]",0.8496875
Classifier,Adam,K-Fold,"[0.8, 0.1, 0.1]",10,32,TagConv,AvgPooling,0.001,64,59,0.8388888888888889,0.83875,0.8485,0.3898513528373506,0.40228099048137667,0.3770247995853424,"[0.8428125, 0.8496875, 0.8465625, 0.833125, 0.8278125, 0.83375, 0.8390625, 0.8328125, 0.8353125, 0.841875]",0.8496875
Classifier,Adam,K-Fold,"[0.8, 0.1, 0.1]",10,32,TagConv,AvgPooling,0.001,64,60,0.8390625,0.8446875,0.8485,0.38935303429762524,0.40116212993860245,0.3770247995853424,"[0.8428125, 0.8496875, 0.8465625, 0.833125, 0.8278125, 0.83375, 0.8390625, 0.8328125, 0.8353125, 0.841875]",0.8496875
Classifier,Adam,K-Fold,"[0.8, 0.1, 0.1]",10,32,TagConv,AvgPooling,0.001,64,61,0.8384027777777778,0.8415625,0.8485,0.38844094024764164,0.4022605502605438,0.3770247995853424,"[0.8428125, 0.8496875, 0.8465625, 0.833125, 0.8278125, 0.83375, 0.8390625, 0.8328125, 0.8353125, 0.841875]",0.8496875
Classifier,Adam,K-Fold,"[0.8, 0.1, 0.1]",10,32,TagConv,AvgPooling,0.001,64,62,0.8387152777777778,0.8409375,0.8485,0.3882457313272688,0.4031448075175285,0.3770247995853424,"[0.8428125, 0.8496875, 0.8465625, 0.833125, 0.8278125, 0.83375, 0.8390625, 0.8328125, 0.8353125, 0.841875]",0.8496875
Classifier,Adam,K-Fold,"[0.8, 0.1, 0.1]",10,32,TagConv,AvgPooling,0.001,64,63,0.8394097222222222,0.8475,0.8485,0.3875370462735494,0.40040107488632204,0.3770247995853424,"[0.8428125, 0.8496875, 0.8465625, 0.833125, 0.8278125, 0.83375, 0.8390625, 0.8328125, 0.8353125, 0.841875]",0.8496875
Classifier,Adam,K-Fold,"[0.8, 0.1, 0.1]",10,32,TagConv,AvgPooling,0.001,64,64,0.8388888888888889,0.844375,0.8485,0.3873901053600841,0.39997779816389084,0.3770247995853424,"[0.8428125, 0.8496875, 0.8465625, 0.833125, 0.8278125, 0.83375, 0.8390625, 0.8328125, 0.8353125, 0.841875]",0.8496875
Classifier,Adam,K-Fold,"[0.8, 0.1, 0.1]",10,32,TagConv,AvgPooling,0.001,64,65,0.8379166666666666,0.8428125,0.8485,0.3866312736935086,0.3996239194273949,0.3770247995853424,"[0.8428125, 0.8496875, 0.8465625, 0.833125, 0.8278125, 0.83375, 0.8390625, 0.8328125, 0.8353125, 0.841875]",0.8496875
Classifier,Adam,K-Fold,"[0.8, 0.1, 0.1]",10,32,TagConv,AvgPooling,0.001,64,66,0.8398958333333333,0.844375,0.8485,0.38588850193553503,0.4000692468881607,0.3770247995853424,"[0.8428125, 0.8496875, 0.8465625, 0.833125, 0.8278125, 0.83375, 0.8390625, 0.8328125, 0.8353125, 0.841875]",0.8496875
Classifier,Adam,K-Fold,"[0.8, 0.1, 0.1]",10,32,TagConv,AvgPooling,0.001,64,67,0.8386111111111111,0.8396875,0.8485,0.38584286739428836,0.4009851056337357,0.3770247995853424,"[0.8428125, 0.8496875, 0.8465625, 0.833125, 0.8278125, 0.83375, 0.8390625, 0.8328125, 0.8353125, 0.841875]",0.8496875
Classifier,Adam,K-Fold,"[0.8, 0.1, 0.1]",10,32,TagConv,AvgPooling,0.001,64,68,0.839375,0.84375,0.8485,0.3849806581603156,0.40216018438339235,0.3770247995853424,"[0.8428125, 0.8496875, 0.8465625, 0.833125, 0.8278125, 0.83375, 0.8390625, 0.8328125, 0.8353125, 0.841875]",0.8496875
Classifier,Adam,K-Fold,"[0.8, 0.1, 0.1]",10,32,TagConv,AvgPooling,0.001,64,69,0.8395833333333333,0.8440625,0.8485,0.38449796431594424,0.39939439564943313,0.3770247995853424,"[0.8428125, 0.8496875, 0.8465625, 0.833125, 0.8278125, 0.83375, 0.8390625, 0.8328125, 0.8353125, 0.841875]",0.8496875
Classifier,Adam,K-Fold,"[0.8, 0.1, 0.1]",10,32,TagConv,AvgPooling,0.001,64,70,0.8406597222222222,0.8453125,0.8485,0.38378997488154304,0.4000191169977188,0.3770247995853424,"[0.8428125, 0.8496875, 0.8465625, 0.833125, 0.8278125, 0.83375, 0.8390625, 0.8328125, 0.8353125, 0.841875]",0.8496875
Classifier,Adam,K-Fold,"[0.8, 0.1, 0.1]",10,32,TagConv,AvgPooling,0.001,64,71,0.8415972222222222,0.844375,0.8485,0.38321888320975833,0.4002900266647339,0.3770247995853424,"[0.8428125, 0.8496875, 0.8465625, 0.833125, 0.8278125, 0.83375, 0.8390625, 0.8328125, 0.8353125, 0.841875]",0.8496875
Classifier,Adam,K-Fold,"[0.8, 0.1, 0.1]",10,32,TagConv,AvgPooling,0.001,64,72,0.8398263888888889,0.8428125,0.8485,0.3827763697504997,0.39892272651195526,0.3770247995853424,"[0.8428125, 0.8496875, 0.8465625, 0.833125, 0.8278125, 0.83375, 0.8390625, 0.8328125, 0.8353125, 0.841875]",0.8496875
Classifier,Adam,K-Fold,"[0.8, 0.1, 0.1]",10,32,TagConv,AvgPooling,0.001,64,73,0.841875,0.8440625,0.8485,0.3819335562321875,0.39795050263404846,0.3770247995853424,"[0.8428125, 0.8496875, 0.8465625, 0.833125, 0.8278125, 0.83375, 0.8390625, 0.8328125, 0.8353125, 0.841875]",0.8496875
Classifier,Adam,K-Fold,"[0.8, 0.1, 0.1]",10,32,TagConv,AvgPooling,0.001,64,74,0.8411458333333334,0.8421875,0.8485,0.3816771984762616,0.3983921700716019,0.3770247995853424,"[0.8428125, 0.8496875, 0.8465625, 0.833125, 0.8278125, 0.83375, 0.8390625, 0.8328125, 0.8353125, 0.841875]",0.8496875
Classifier,Adam,K-Fold,"[0.8, 0.1, 0.1]",10,32,TagConv,AvgPooling,0.001,64,75,0.8423958333333333,0.8446875,0.8485,0.38097197930018106,0.4005643784999847,0.3770247995853424,"[0.8428125, 0.8496875, 0.8465625, 0.833125, 0.8278125, 0.83375, 0.8390625, 0.8328125, 0.8353125, 0.841875]",0.8496875
Classifier,Adam,K-Fold,"[0.8, 0.1, 0.1]",10,32,TagConv,AvgPooling,0.001,64,76,0.8428125,0.844375,0.8485,0.38005275547504425,0.3979852044582367,0.3770247995853424,"[0.8428125, 0.8496875, 0.8465625, 0.833125, 0.8278125, 0.83375, 0.8390625, 0.8328125, 0.8353125, 0.841875]",0.8496875
Classifier,Adam,K-Fold,"[0.8, 0.1, 0.1]",10,32,TagConv,AvgPooling,0.001,64,77,0.8424305555555556,0.8409375,0.8485,0.3797462910744879,0.39754224389791487,0.3770247995853424,"[0.8428125, 0.8496875, 0.8465625, 0.833125, 0.8278125, 0.83375, 0.8390625, 0.8328125, 0.8353125, 0.841875]",0.8496875
Classifier,Adam,K-Fold,"[0.8, 0.1, 0.1]",10,32,TagConv,AvgPooling,0.001,64,78,0.8418055555555556,0.846875,0.8485,0.38007849335670474,0.39928656816482544,0.3770247995853424,"[0.8428125, 0.8496875, 0.8465625, 0.833125, 0.8278125, 0.83375, 0.8390625, 0.8328125, 0.8353125, 0.841875]",0.8496875
Classifier,Adam,K-Fold,"[0.8, 0.1, 0.1]",10,32,TagConv,AvgPooling,0.001,64,79,0.8431597222222222,0.845,0.8485,0.37907629244857366,0.39654122680425646,0.3770247995853424,"[0.8428125, 0.8496875, 0.8465625, 0.833125, 0.8278125, 0.83375, 0.8390625, 0.8328125, 0.8353125, 0.841875]",0.8496875
Classifier,Adam,K-Fold,"[0.8, 0.1, 0.1]",10,32,TagConv,AvgPooling,0.001,64,80,0.8430208333333333,0.8434375,0.8485,0.3786990384260813,0.396883861720562,0.3770247995853424,"[0.8428125, 0.8496875, 0.8465625, 0.833125, 0.8278125, 0.83375, 0.8390625, 0.8328125, 0.8353125, 0.841875]",0.8496875
Classifier,Adam,K-Fold,"[0.8, 0.1, 0.1]",10,32,TagConv,AvgPooling,0.001,64,81,0.8428472222222222,0.844375,0.8485,0.3777710086769528,0.39804749250411986,0.3770247995853424,"[0.8428125, 0.8496875, 0.8465625, 0.833125, 0.8278125, 0.83375, 0.8390625, 0.8328125, 0.8353125, 0.841875]",0.8496875
Classifier,Adam,K-Fold,"[0.8, 0.1, 0.1]",10,32,TagConv,AvgPooling,0.001,64,82,0.8430555555555556,0.843125,0.8485,0.37779336829980215,0.39860948860645296,0.3770247995853424,"[0.8428125, 0.8496875, 0.8465625, 0.833125, 0.8278125, 0.83375, 0.8390625, 0.8328125, 0.8353125, 0.841875]",0.8496875
Classifier,Adam,K-Fold,"[0.8, 0.1, 0.1]",10,32,TagConv,AvgPooling,0.001,64,83,0.8435763888888889,0.843125,0.8485,0.3769878061943584,0.3981717044115067,0.3770247995853424,"[0.8428125, 0.8496875, 0.8465625, 0.833125, 0.8278125, 0.83375, 0.8390625, 0.8328125, 0.8353125, 0.841875]",0.8496875
Classifier,Adam,K-Fold,"[0.8, 0.1, 0.1]",10,32,TagConv,AvgPooling,0.001,64,84,0.8439236111111111,0.8465625,0.8485,0.37692642622523836,0.39732583820819856,0.3770247995853424,"[0.8428125, 0.8496875, 0.8465625, 0.833125, 0.8278125, 0.83375, 0.8390625, 0.8328125, 0.8353125, 0.841875]",0.8496875
Classifier,Adam,K-Fold,"[0.8, 0.1, 0.1]",10,32,TagConv,AvgPooling,0.001,64,85,0.8448958333333333,0.84625,0.8485,0.37611787312560613,0.3950215509533882,0.3770247995853424,"[0.8428125, 0.8496875, 0.8465625, 0.833125, 0.8278125, 0.83375, 0.8390625, 0.8328125, 0.8353125, 0.841875]",0.8496875
Classifier,Adam,K-Fold,"[0.8, 0.1, 0.1]",10,32,TagConv,AvgPooling,0.001,64,86,0.8444097222222222,0.8475,0.8485,0.3757245940301153,0.3968698024749756,0.3770247995853424,"[0.8428125, 0.8496875, 0.8465625, 0.833125, 0.8278125, 0.83375, 0.8390625, 0.8328125, 0.8353125, 0.841875]",0.8496875
Classifier,Adam,K-Fold,"[0.8, 0.1, 0.1]",10,32,TagConv,AvgPooling,0.001,64,87,0.8444097222222222,0.8453125,0.8485,0.37554156515333387,0.40021193951368333,0.3770247995853424,"[0.8428125, 0.8496875, 0.8465625, 0.833125, 0.8278125, 0.83375, 0.8390625, 0.8328125, 0.8353125, 0.841875]",0.8496875
Classifier,Adam,K-Fold,"[0.8, 0.1, 0.1]",10,32,TagConv,AvgPooling,0.001,64,88,0.8447916666666667,0.845625,0.8485,0.3748363714085685,0.39565614104270935,0.3770247995853424,"[0.8428125, 0.8496875, 0.8465625, 0.833125, 0.8278125, 0.83375, 0.8390625, 0.8328125, 0.8353125, 0.841875]",0.8496875
Classifier,Adam,K-Fold,"[0.8, 0.1, 0.1]",10,32,TagConv,AvgPooling,0.001,64,89,0.8438541666666667,0.8440625,0.8485,0.3746188121702936,0.3957492455840111,0.3770247995853424,"[0.8428125, 0.8496875, 0.8465625, 0.833125, 0.8278125, 0.83375, 0.8390625, 0.8328125, 0.8353125, 0.841875]",0.8496875
Classifier,Adam,K-Fold,"[0.8, 0.1, 0.1]",10,32,TagConv,AvgPooling,0.001,64,90,0.8459375,0.845625,0.8485,0.37390018042590883,0.3951300683617592,0.3770247995853424,"[0.8428125, 0.8496875, 0.8465625, 0.833125, 0.8278125, 0.83375, 0.8390625, 0.8328125, 0.8353125, 0.841875]",0.8496875
Classifier,Adam,K-Fold,"[0.8, 0.1, 0.1]",10,32,TagConv,AvgPooling,0.001,64,91,0.8448263888888888,0.846875,0.8485,0.37362324062320923,0.3947092846035957,0.3770247995853424,"[0.8428125, 0.8496875, 0.8465625, 0.833125, 0.8278125, 0.83375, 0.8390625, 0.8328125, 0.8353125, 0.841875]",0.8496875
Classifier,Adam,K-Fold,"[0.8, 0.1, 0.1]",10,32,TagConv,AvgPooling,0.001,64,92,0.8445833333333334,0.844375,0.8485,0.37300690859556196,0.3968659281730652,0.3770247995853424,"[0.8428125, 0.8496875, 0.8465625, 0.833125, 0.8278125, 0.83375, 0.8390625, 0.8328125, 0.8353125, 0.841875]",0.8496875
Classifier,Adam,K-Fold,"[0.8, 0.1, 0.1]",10,32,TagConv,AvgPooling,0.001,64,93,0.8455555555555555,0.8478125,0.8485,0.37301230370998384,0.3937707391381264,0.3770247995853424,"[0.8428125, 0.8496875, 0.8465625, 0.833125, 0.8278125, 0.83375, 0.8390625, 0.8328125, 0.8353125, 0.841875]",0.8496875
Classifier,Adam,K-Fold,"[0.8, 0.1, 0.1]",10,32,TagConv,AvgPooling,0.001,64,94,0.8457638888888889,0.845,0.8485,0.3724547326233652,0.39495973467826845,0.3770247995853424,"[0.8428125, 0.8496875, 0.8465625, 0.833125, 0.8278125, 0.83375, 0.8390625, 0.8328125, 0.8353125, 0.841875]",0.8496875
Classifier,Adam,K-Fold,"[0.8, 0.1, 0.1]",10,32,TagConv,AvgPooling,0.001,64,95,0.8464583333333333,0.8484375,0.8485,0.3718079259660509,0.3931837886571884,0.3770247995853424,"[0.8428125, 0.8496875, 0.8465625, 0.833125, 0.8278125, 0.83375, 0.8390625, 0.8328125, 0.8353125, 0.841875]",0.8496875
Classifier,Adam,K-Fold,"[0.8, 0.1, 0.1]",10,32,TagConv,AvgPooling,0.001,64,96,0.8465972222222222,0.844375,0.8485,0.3715816192494498,0.394566595852375,0.3770247995853424,"[0.8428125, 0.8496875, 0.8465625, 0.833125, 0.8278125, 0.83375, 0.8390625, 0.8328125, 0.8353125, 0.841875]",0.8496875
Classifier,Adam,K-Fold,"[0.8, 0.1, 0.1]",10,32,TagConv,AvgPooling,0.001,64,97,0.8481944444444445,0.84875,0.8485,0.37068215562237633,0.39292268991470336,0.3770247995853424,"[0.8428125, 0.8496875, 0.8465625, 0.833125, 0.8278125, 0.83375, 0.8390625, 0.8328125, 0.8353125, 0.841875]",0.8496875
Classifier,Adam,K-Fold,"[0.8, 0.1, 0.1]",10,32,TagConv,AvgPooling,0.001,64,98,0.8463541666666666,0.844375,0.8485,0.37010233422120414,0.393799107670784,0.3770247995853424,"[0.8428125, 0.8496875, 0.8465625, 0.833125, 0.8278125, 0.83375, 0.8390625, 0.8328125, 0.8353125, 0.841875]",0.8496875
Classifier,Adam,K-Fold,"[0.8, 0.1, 0.1]",10,32,TagConv,AvgPooling,0.001,64,99,0.8479166666666667,0.8421875,0.8485,0.3697948001490699,0.39437044024467466,0.3770247995853424,"[0.8428125, 0.8496875, 0.8465625, 0.833125, 0.8278125, 0.83375, 0.8390625, 0.8328125, 0.8353125, 0.841875]",0.8496875
Classifier,Adam,K-Fold,"[0.8, 0.1, 0.1]",10,32,TagConv,AvgPooling,0.001,64,100,0.8469791666666666,0.8465625,0.8485,0.3693512823184331,0.3947888284921646,0.3770247995853424,"[0.8428125, 0.8496875, 0.8465625, 0.833125, 0.8278125, 0.83375, 0.8390625, 0.8328125, 0.8353125, 0.841875]",0.8496875
Classifier,Adam,K-Fold,"[0.8, 0.1, 0.1]",10,32,TagConv,AvgPooling,0.001,64,101,0.8479166666666667,0.8459375,0.8485,0.36865684356954365,0.3937583112716675,0.3770247995853424,"[0.8428125, 0.8496875, 0.8465625, 0.833125, 0.8278125, 0.83375, 0.8390625, 0.8328125, 0.8353125, 0.841875]",0.8496875
Classifier,Adam,K-Fold,"[0.8, 0.1, 0.1]",10,32,TagConv,AvgPooling,0.001,64,102,0.8460763888888889,0.846875,0.8485,0.3693607289592425,0.393344062268734,0.3770247995853424,"[0.8428125, 0.8496875, 0.8465625, 0.833125, 0.8278125, 0.83375, 0.8390625, 0.8328125, 0.8353125, 0.841875]",0.8496875
Classifier,Adam,K-Fold,"[0.8, 0.1, 0.1]",10,32,TagConv,AvgPooling,0.001,64,103,0.8479861111111111,0.8475,0.8485,0.3687000706460741,0.3909729009866714,0.3770247995853424,"[0.8428125, 0.8496875, 0.8465625, 0.833125, 0.8278125, 0.83375, 0.8390625, 0.8328125, 0.8353125, 0.841875]",0.8496875
Classifier,Adam,K-Fold,"[0.8, 0.1, 0.1]",10,32,TagConv,AvgPooling,0.001,64,104,0.8498958333333333,0.849375,0.8485,0.36794088635179734,0.3920991337299347,0.3770247995853424,"[0.8428125, 0.8496875, 0.8465625, 0.833125, 0.8278125, 0.83375, 0.8390625, 0.8328125, 0.8353125, 0.841875]",0.8496875
Classifier,Adam,K-Fold,"[0.8, 0.1, 0.1]",10,32,TagConv,AvgPooling,0.001,64,105,0.8481597222222222,0.8478125,0.8485,0.3672911410199271,0.39206652790308,0.3770247995853424,"[0.8428125, 0.8496875, 0.8465625, 0.833125, 0.8278125, 0.83375, 0.8390625, 0.8328125, 0.8353125, 0.841875]",0.8496875
Classifier,Adam,K-Fold,"[0.8, 0.1, 0.1]",10,32,TagConv,AvgPooling,0.001,64,106,0.8492013888888889,0.848125,0.8485,0.36712020062737993,0.392357674241066,0.3770247995853424,"[0.8428125, 0.8496875, 0.8465625, 0.833125, 0.8278125, 0.83375, 0.8390625, 0.8328125, 0.8353125, 0.841875]",0.8496875
Classifier,Adam,K-Fold,"[0.8, 0.1, 0.1]",10,32,TagConv,AvgPooling,0.001,64,107,0.8483680555555555,0.8446875,0.8485,0.36668242563803993,0.3921274900436401,0.3770247995853424,"[0.8428125, 0.8496875, 0.8465625, 0.833125, 0.8278125, 0.83375, 0.8390625, 0.8328125, 0.8353125, 0.841875]",0.8496875
Classifier,Adam,K-Fold,"[0.8, 0.1, 0.1]",10,32,TagConv,AvgPooling,0.001,64,108,0.8486458333333333,0.84875,0.8485,0.36659314685397676,0.3925711292028427,0.3770247995853424,"[0.8428125, 0.8496875, 0.8465625, 0.833125, 0.8278125, 0.83375, 0.8390625, 0.8328125, 0.8353125, 0.841875]",0.8496875
Classifier,Adam,K-Fold,"[0.8, 0.1, 0.1]",10,32,TagConv,AvgPooling,0.001,64,109,0.8495138888888889,0.8478125,0.8485,0.36631053782171674,0.3906122362613678,0.3770247995853424,"[0.8428125, 0.8496875, 0.8465625, 0.833125, 0.8278125, 0.83375, 0.8390625, 0.8328125, 0.8353125, 0.841875]",0.8496875
Classifier,Adam,K-Fold,"[0.8, 0.1, 0.1]",10,32,TagConv,AvgPooling,0.001,64,110,0.8492013888888889,0.845,0.8485,0.3657147162821558,0.39293995082378386,0.3770247995853424,"[0.8428125, 0.8496875, 0.8465625, 0.833125, 0.8278125, 0.83375, 0.8390625, 0.8328125, 0.8353125, 0.841875]",0.8496875
Classifier,Adam,K-Fold,"[0.8, 0.1, 0.1]",10,32,TagConv,AvgPooling,0.001,64,111,0.8492708333333333,0.8446875,0.8485,0.36526752591133116,0.39351783841848376,0.3770247995853424,"[0.8428125, 0.8496875, 0.8465625, 0.833125, 0.8278125, 0.83375, 0.8390625, 0.8328125, 0.8353125, 0.841875]",0.8496875
Classifier,Adam,K-Fold,"[0.8, 0.1, 0.1]",10,32,TagConv,AvgPooling,0.001,64,112,0.8501736111111111,0.8453125,0.8485,0.36473942157295014,0.3906206277012825,0.3770247995853424,"[0.8428125, 0.8496875, 0.8465625, 0.833125, 0.8278125, 0.83375, 0.8390625, 0.8328125, 0.8353125, 0.841875]",0.8496875
Classifier,Adam,K-Fold,"[0.8, 0.1, 0.1]",10,32,TagConv,AvgPooling,0.001,64,113,0.8504513888888889,0.845,0.8485,0.36443097909291583,0.39097623884677885,0.3770247995853424,"[0.8428125, 0.8496875, 0.8465625, 0.833125, 0.8278125, 0.83375, 0.8390625, 0.8328125, 0.8353125, 0.841875]",0.8496875
Classifier,Adam,K-Fold,"[0.8, 0.1, 0.1]",10,32,TagConv,AvgPooling,0.001,64,114,0.8483680555555555,0.849375,0.8485,0.36402225815587574,0.39084178388118745,0.3770247995853424,"[0.8428125, 0.8496875, 0.8465625, 0.833125, 0.8278125, 0.83375, 0.8390625, 0.8328125, 0.8353125, 0.841875]",0.8496875
Classifier,Adam,K-Fold,"[0.8, 0.1, 0.1]",10,32,TagConv,AvgPooling,0.001,64,115,0.8506944444444444,0.85125,0.8485,0.36343054983350964,0.39319239228963854,0.3770247995853424,"[0.8428125, 0.8496875, 0.8465625, 0.833125, 0.8278125, 0.83375, 0.8390625, 0.8328125, 0.8353125, 0.841875]",0.8496875
Classifier,Adam,K-Fold,"[0.8, 0.1, 0.1]",10,32,TagConv,AvgPooling,0.001,64,116,0.8502777777777778,0.846875,0.8485,0.3631111590729819,0.39197385013103486,0.3770247995853424,"[0.8428125, 0.8496875, 0.8465625, 0.833125, 0.8278125, 0.83375, 0.8390625, 0.8328125, 0.8353125, 0.841875]",0.8496875
Classifier,Adam,K-Fold,"[0.8, 0.1, 0.1]",10,32,TagConv,AvgPooling,0.001,64,117,0.8507986111111111,0.8478125,0.8485,0.36295157730579375,0.3896574831008911,0.3770247995853424,"[0.8428125, 0.8496875, 0.8465625, 0.833125, 0.8278125, 0.83375, 0.8390625, 0.8328125, 0.8353125, 0.841875]",0.8496875
Classifier,Adam,K-Fold,"[0.8, 0.1, 0.1]",10,32,TagConv,AvgPooling,0.001,64,118,0.8497222222222223,0.8459375,0.8485,0.36241155296564104,0.39164083302021024,0.3770247995853424,"[0.8428125, 0.8496875, 0.8465625, 0.833125, 0.8278125, 0.83375, 0.8390625, 0.8328125, 0.8353125, 0.841875]",0.8496875
Classifier,Adam,K-Fold,"[0.8, 0.1, 0.1]",10,32,TagConv,AvgPooling,0.001,64,119,0.8507638888888889,0.85125,0.8485,0.36181476179096433,0.3896562796831131,0.3770247995853424,"[0.8428125, 0.8496875, 0.8465625, 0.833125, 0.8278125, 0.83375, 0.8390625, 0.8328125, 0.8353125, 0.841875]",0.8496875
Classifier,Adam,K-Fold,"[0.8, 0.1, 0.1]",10,32,TagConv,AvgPooling,0.001,64,120,0.8506944444444444,0.8503125,0.8485,0.36155268447266686,0.3908097755908966,0.3770247995853424,"[0.8428125, 0.8496875, 0.8465625, 0.833125, 0.8278125, 0.83375, 0.8390625, 0.8328125, 0.8353125, 0.841875]",0.8496875
Classifier,Adam,K-Fold,"[0.8, 0.1, 0.1]",10,32,TagConv,AvgPooling,0.001,64,121,0.8505902777777777,0.8459375,0.8485,0.3613166824976603,0.39101195871829986,0.3770247995853424,"[0.8428125, 0.8496875, 0.8465625, 0.833125, 0.8278125, 0.83375, 0.8390625, 0.8328125, 0.8353125, 0.841875]",0.8496875
Classifier,Adam,K-Fold,"[0.8, 0.1, 0.1]",10,32,TagConv,AvgPooling,0.001,64,122,0.8517013888888889,0.8490625,0.8485,0.3606070211198595,0.3894774952530861,0.3770247995853424,"[0.8428125, 0.8496875, 0.8465625, 0.833125, 0.8278125, 0.83375, 0.8390625, 0.8328125, 0.8353125, 0.841875]",0.8496875
Classifier,Adam,K-Fold,"[0.8, 0.1, 0.1]",10,32,TagConv,AvgPooling,0.001,64,123,0.8505208333333333,0.8484375,0.8485,0.36100911839140787,0.38974357694387435,0.3770247995853424,"[0.8428125, 0.8496875, 0.8465625, 0.833125, 0.8278125, 0.83375, 0.8390625, 0.8328125, 0.8353125, 0.841875]",0.8496875
Classifier,Adam,K-Fold,"[0.8, 0.1, 0.1]",10,32,TagConv,AvgPooling,0.001,64,124,0.8519097222222223,0.85,0.8485,0.3602014513148202,0.3925801095366478,0.3770247995853424,"[0.8428125, 0.8496875, 0.8465625, 0.833125, 0.8278125, 0.83375, 0.8390625, 0.8328125, 0.8353125, 0.841875]",0.8496875
Classifier,Adam,K-Fold,"[0.8, 0.1, 0.1]",10,32,TagConv,AvgPooling,0.001,64,125,0.8521527777777778,0.85125,0.8485,0.3597257274720404,0.3892807534337044,0.3770247995853424,"[0.8428125, 0.8496875, 0.8465625, 0.833125, 0.8278125, 0.83375, 0.8390625, 0.8328125, 0.8353125, 0.841875]",0.8496875
Classifier,Adam,K-Fold,"[0.8, 0.1, 0.1]",10,32,TagConv,AvgPooling,0.001,64,126,0.8511111111111112,0.8484375,0.8485,0.3592141832245721,0.3927140265703201,0.3770247995853424,"[0.8428125, 0.8496875, 0.8465625, 0.833125, 0.8278125, 0.83375, 0.8390625, 0.8328125, 0.8353125, 0.841875]",0.8496875
Classifier,Adam,K-Fold,"[0.8, 0.1, 0.1]",10,32,TagConv,AvgPooling,0.001,64,127,0.8521180555555555,0.84625,0.8485,0.35917415238089034,0.3895660349726677,0.3770247995853424,"[0.8428125, 0.8496875, 0.8465625, 0.833125, 0.8278125, 0.83375, 0.8390625, 0.8328125, 0.8353125, 0.841875]",0.8496875
Classifier,Adam,K-Fold,"[0.8, 0.1, 0.1]",10,32,TagConv,AvgPooling,0.001,64,128,0.8511805555555556,0.8484375,0.8485,0.35916607972648407,0.388746834397316,0.3770247995853424,"[0.8428125, 0.8496875, 0.8465625, 0.833125, 0.8278125, 0.83375, 0.8390625, 0.8328125, 0.8353125, 0.841875]",0.8496875
Classifier,Adam,K-Fold,"[0.8, 0.1, 0.1]",10,32,TagConv,AvgPooling,0.001,64,129,0.8523611111111111,0.848125,0.8485,0.35823166098859577,0.39302197873592376,0.3770247995853424,"[0.8428125, 0.8496875, 0.8465625, 0.833125, 0.8278125, 0.83375, 0.8390625, 0.8328125, 0.8353125, 0.841875]",0.8496875
Classifier,Adam,K-Fold,"[0.8, 0.1, 0.1]",10,32,TagConv,AvgPooling,0.001,64,130,0.8520138888888888,0.8465625,0.8485,0.3578778975539737,0.3887355050444603,0.3770247995853424,"[0.8428125, 0.8496875, 0.8465625, 0.833125, 0.8278125, 0.83375, 0.8390625, 0.8328125, 0.8353125, 0.841875]",0.8496875
Classifier,Adam,K-Fold,"[0.8, 0.1, 0.1]",10,32,TagConv,AvgPooling,0.001,64,131,0.8535763888888889,0.8521875,0.8485,0.3574584969878197,0.38865544617176057,0.3770247995853424,"[0.8428125, 0.8496875, 0.8465625, 0.833125, 0.8278125, 0.83375, 0.8390625, 0.8328125, 0.8353125, 0.841875]",0.8496875
Classifier,Adam,K-Fold,"[0.8, 0.1, 0.1]",10,32,TagConv,AvgPooling,0.001,64,132,0.8530902777777778,0.8471875,0.8485,0.3573190948035982,0.3891796377301216,0.3770247995853424,"[0.8428125, 0.8496875, 0.8465625, 0.833125, 0.8278125, 0.83375, 0.8390625, 0.8328125, 0.8353125, 0.841875]",0.8496875
Classifier,Adam,K-Fold,"[0.8, 0.1, 0.1]",10,32,TagConv,AvgPooling,0.001,64,133,0.8539930555555556,0.845,0.8485,0.3567604084478484,0.39113813936710357,0.3770247995853424,"[0.8428125, 0.8496875, 0.8465625, 0.833125, 0.8278125, 0.83375, 0.8390625, 0.8328125, 0.8353125, 0.841875]",0.8496875
Classifier,Adam,K-Fold,"[0.8, 0.1, 0.1]",10,32,TagConv,AvgPooling,0.001,64,134,0.8529166666666667,0.846875,0.8485,0.3563887687193023,0.388312132358551,0.3770247995853424,"[0.8428125, 0.8496875, 0.8465625, 0.833125, 0.8278125, 0.83375, 0.8390625, 0.8328125, 0.8353125, 0.841875]",0.8496875
Classifier,Adam,K-Fold,"[0.8, 0.1, 0.1]",10,32,TagConv,AvgPooling,0.001,64,135,0.8541319444444444,0.84375,0.8485,0.3561318780316247,0.39154763966798783,0.3770247995853424,"[0.8428125, 0.8496875, 0.8465625, 0.833125, 0.8278125, 0.83375, 0.8390625, 0.8328125, 0.8353125, 0.841875]",0.8496875
Classifier,Adam,K-Fold,"[0.8, 0.1, 0.1]",10,32,TagConv,AvgPooling,0.001,64,136,0.8535763888888889,0.8434375,0.8485,0.35573298156261446,0.39305736899375915,0.3770247995853424,"[0.8428125, 0.8496875, 0.8465625, 0.833125, 0.8278125, 0.83375, 0.8390625, 0.8328125, 0.8353125, 0.841875]",0.8496875
Classifier,Adam,K-Fold,"[0.8, 0.1, 0.1]",10,32,TagConv,AvgPooling,0.001,64,137,0.8538541666666667,0.8490625,0.8485,0.3556660999854406,0.38830661356449125,0.3770247995853424,"[0.8428125, 0.8496875, 0.8465625, 0.833125, 0.8278125, 0.83375, 0.8390625, 0.8328125, 0.8353125, 0.841875]",0.8496875
Classifier,Adam,K-Fold,"[0.8, 0.1, 0.1]",10,32,TagConv,AvgPooling,0.001,64,138,0.8544097222222222,0.8484375,0.8485,0.35441266145971084,0.3873168721795082,0.3770247995853424,"[0.8428125, 0.8496875, 0.8465625, 0.833125, 0.8278125, 0.83375, 0.8390625, 0.8328125, 0.8353125, 0.841875]",0.8496875
Classifier,Adam,K-Fold,"[0.8, 0.1, 0.1]",10,32,TagConv,AvgPooling,0.001,64,139,0.8525347222222223,0.85125,0.8485,0.35483292324675453,0.3872966596484184,0.3770247995853424,"[0.8428125, 0.8496875, 0.8465625, 0.833125, 0.8278125, 0.83375, 0.8390625, 0.8328125, 0.8353125, 0.841875]",0.8496875
Classifier,Adam,K-Fold,"[0.8, 0.1, 0.1]",10,32,TagConv,AvgPooling,0.001,64,140,0.8559027777777778,0.84625,0.8485,0.35408791876501505,0.39109128892421724,0.3770247995853424,"[0.8428125, 0.8496875, 0.8465625, 0.833125, 0.8278125, 0.83375, 0.8390625, 0.8328125, 0.8353125, 0.841875]",0.8496875
Classifier,Adam,K-Fold,"[0.8, 0.1, 0.1]",10,32,TagConv,AvgPooling,0.001,64,141,0.8555208333333333,0.8446875,0.8485,0.35351241161425906,0.3871872434020042,0.3770247995853424,"[0.8428125, 0.8496875, 0.8465625, 0.833125, 0.8278125, 0.83375, 0.8390625, 0.8328125, 0.8353125, 0.841875]",0.8496875
Classifier,Adam,K-Fold,"[0.8, 0.1, 0.1]",10,32,TagConv,AvgPooling,0.001,64,142,0.8552777777777778,0.8496875,0.8485,0.3536112693283293,0.3865353798866272,0.3770247995853424,"[0.8428125, 0.8496875, 0.8465625, 0.833125, 0.8278125, 0.83375, 0.8390625, 0.8328125, 0.8353125, 0.841875]",0.8496875
Classifier,Adam,K-Fold,"[0.8, 0.1, 0.1]",10,32,TagConv,AvgPooling,0.001,64,143,0.8544097222222222,0.8478125,0.8485,0.3530779293510649,0.3889232549071312,0.3770247995853424,"[0.8428125, 0.8496875, 0.8465625, 0.833125, 0.8278125, 0.83375, 0.8390625, 0.8328125, 0.8353125, 0.841875]",0.8496875
Classifier,Adam,K-Fold,"[0.8, 0.1, 0.1]",10,32,TagConv,AvgPooling,0.001,64,144,0.8548958333333333,0.8484375,0.8485,0.3531687216295136,0.38726331502199174,0.3770247995853424,"[0.8428125, 0.8496875, 0.8465625, 0.833125, 0.8278125, 0.83375, 0.8390625, 0.8328125, 0.8353125, 0.841875]",0.8496875
Classifier,Adam,K-Fold,"[0.8, 0.1, 0.1]",10,32,TagConv,AvgPooling,0.001,64,145,0.8551736111111111,0.8496875,0.8485,0.3524325945973396,0.38794748574495314,0.3770247995853424,"[0.8428125, 0.8496875, 0.8465625, 0.833125, 0.8278125, 0.83375, 0.8390625, 0.8328125, 0.8353125, 0.841875]",0.8496875
Classifier,Adam,K-Fold,"[0.8, 0.1, 0.1]",10,32,TagConv,AvgPooling,0.001,64,146,0.8550347222222222,0.849375,0.8485,0.3512687018844816,0.38921345204114915,0.3770247995853424,"[0.8428125, 0.8496875, 0.8465625, 0.833125, 0.8278125, 0.83375, 0.8390625, 0.8328125, 0.8353125, 0.841875]",0.8496875
Classifier,Adam,K-Fold,"[0.8, 0.1, 0.1]",10,32,TagConv,AvgPooling,0.001,64,147,0.8559722222222222,0.8475,0.8485,0.3518230290214221,0.3867883810400963,0.3770247995853424,"[0.8428125, 0.8496875, 0.8465625, 0.833125, 0.8278125, 0.83375, 0.8390625, 0.8328125, 0.8353125, 0.841875]",0.8496875
Classifier,Adam,K-Fold,"[0.8, 0.1, 0.1]",10,32,TagConv,AvgPooling,0.001,64,148,0.8556597222222222,0.848125,0.8485,0.35145095537106197,0.38766262292861936,0.3770247995853424,"[0.8428125, 0.8496875, 0.8465625, 0.833125, 0.8278125, 0.83375, 0.8390625, 0.8328125, 0.8353125, 0.841875]",0.8496875
Classifier,Adam,K-Fold,"[0.8, 0.1, 0.1]",10,32,TagConv,AvgPooling,0.001,64,149,0.8554166666666667,0.8490625,0.8485,0.3506364393234253,0.38612012028694154,0.3770247995853424,"[0.8428125, 0.8496875, 0.8465625, 0.833125, 0.8278125, 0.83375, 0.8390625, 0.8328125, 0.8353125, 0.841875]",0.8496875
Classifier,Adam,K-Fold,"[0.8, 0.1, 0.1]",10,32,TagConv,AvgPooling,0.001,64,150,0.8571875,0.8471875,0.8485,0.3504594952199194,0.38760579615831375,0.3770247995853424,"[0.8428125, 0.8496875, 0.8465625, 0.833125, 0.8278125, 0.83375, 0.8390625, 0.8328125, 0.8353125, 0.841875]",0.8496875
Classifier,Adam,K-Fold,"[0.8, 0.1, 0.1]",10,32,TagConv,AvgPooling,0.001,64,151,0.8558680555555556,0.850625,0.8485,0.3500972662700547,0.38857339024543763,0.3770247995853424,"[0.8428125, 0.8496875, 0.8465625, 0.833125, 0.8278125, 0.83375, 0.8390625, 0.8328125, 0.8353125, 0.841875]",0.8496875
Classifier,Adam,K-Fold,"[0.8, 0.1, 0.1]",10,32,TagConv,AvgPooling,0.001,64,152,0.8563888888888889,0.85,0.8485,0.3499075019359589,0.3875377580523491,0.3770247995853424,"[0.8428125, 0.8496875, 0.8465625, 0.833125, 0.8278125, 0.83375, 0.8390625, 0.8328125, 0.8353125, 0.841875]",0.8496875
Classifier,Adam,K-Fold,"[0.8, 0.1, 0.1]",10,32,TagConv,AvgPooling,0.001,64,153,0.8572222222222222,0.8503125,0.8485,0.34946307225359813,0.3873854199051857,0.3770247995853424,"[0.8428125, 0.8496875, 0.8465625, 0.833125, 0.8278125, 0.83375, 0.8390625, 0.8328125, 0.8353125, 0.841875]",0.8496875
Classifier,Adam,K-Fold,"[0.8, 0.1, 0.1]",10,32,TagConv,AvgPooling,0.001,64,154,0.8571180555555555,0.8509375,0.8485,0.3489910838670201,0.3879722541570663,0.3770247995853424,"[0.8428125, 0.8496875, 0.8465625, 0.833125, 0.8278125, 0.83375, 0.8390625, 0.8328125, 0.8353125, 0.841875]",0.8496875
Classifier,Adam,K-Fold,"[0.8, 0.1, 0.1]",10,32,TagConv,AvgPooling,0.001,64,155,0.858125,0.8475,0.8485,0.34879427327050105,0.3877454650402069,0.3770247995853424,"[0.8428125, 0.8496875, 0.8465625, 0.833125, 0.8278125, 0.83375, 0.8390625, 0.8328125, 0.8353125, 0.841875]",0.8496875
Classifier,Adam,K-Fold,"[0.8, 0.1, 0.1]",10,32,TagConv,AvgPooling,0.001,64,156,0.8581597222222223,0.8521875,0.8485,0.3489520992173089,0.386694997549057,0.3770247995853424,"[0.8428125, 0.8496875, 0.8465625, 0.833125, 0.8278125, 0.83375, 0.8390625, 0.8328125, 0.8353125, 0.841875]",0.8496875
Classifier,Adam,K-Fold,"[0.8, 0.1, 0.1]",10,32,TagConv,AvgPooling,0.001,64,157,0.858125,0.849375,0.8485,0.3480606523487303,0.38666447877883914,0.3770247995853424,"[0.8428125, 0.8496875, 0.8465625, 0.833125, 0.8278125, 0.83375, 0.8390625, 0.8328125, 0.8353125, 0.841875]",0.8496875
Classifier,Adam,K-Fold,"[0.8, 0.1, 0.1]",10,32,TagConv,AvgPooling,0.001,64,158,0.8574652777777778,0.846875,0.8485,0.3476003639896711,0.3866963368654251,0.3770247995853424,"[0.8428125, 0.8496875, 0.8465625, 0.833125, 0.8278125, 0.83375, 0.8390625, 0.8328125, 0.8353125, 0.841875]",0.8496875
Classifier,Adam,K-Fold,"[0.8, 0.1, 0.1]",10,32,TagConv,AvgPooling,0.001,64,159,0.8585416666666666,0.84625,0.8485,0.3476071459717221,0.38776758432388303,0.3770247995853424,"[0.8428125, 0.8496875, 0.8465625, 0.833125, 0.8278125, 0.83375, 0.8390625, 0.8328125, 0.8353125, 0.841875]",0.8496875
Classifier,Adam,K-Fold,"[0.8, 0.1, 0.1]",10,32,TagConv,AvgPooling,0.001,64,160,0.8575694444444445,0.8478125,0.8485,0.34679480363925297,0.38645205050706866,0.3770247995853424,"[0.8428125, 0.8496875, 0.8465625, 0.833125, 0.8278125, 0.83375, 0.8390625, 0.8328125, 0.8353125, 0.841875]",0.8496875
Classifier,Adam,K-Fold,"[0.8, 0.1, 0.1]",10,32,TagConv,AvgPooling,0.001,64,161,0.8584027777777777,0.84625,0.8485,0.3462496430344052,0.3867005044221878,0.3770247995853424,"[0.8428125, 0.8496875, 0.8465625, 0.833125, 0.8278125, 0.83375, 0.8390625, 0.8328125, 0.8353125, 0.841875]",0.8496875
Classifier,Adam,K-Fold,"[0.8, 0.1, 0.1]",10,32,TagConv,AvgPooling,0.001,64,162,0.8594097222222222,0.8515625,0.8485,0.34604422645436395,0.3868829029798508,0.3770247995853424,"[0.8428125, 0.8496875, 0.8465625, 0.833125, 0.8278125, 0.83375, 0.8390625, 0.8328125, 0.8353125, 0.841875]",0.8496875
Classifier,Adam,K-Fold,"[0.8, 0.1, 0.1]",10,32,TagConv,AvgPooling,0.001,64,163,0.8592708333333333,0.848125,0.8485,0.3458508162366019,0.38504709988832475,0.3770247995853424,"[0.8428125, 0.8496875, 0.8465625, 0.833125, 0.8278125, 0.83375, 0.8390625, 0.8328125, 0.8353125, 0.841875]",0.8496875
Classifier,Adam,K-Fold,"[0.8, 0.1, 0.1]",10,32,TagConv,AvgPooling,0.001,64,164,0.85875,0.8475,0.8485,0.3458291861746046,0.3857848459482193,0.3770247995853424,"[0.8428125, 0.8496875, 0.8465625, 0.833125, 0.8278125, 0.83375, 0.8390625, 0.8328125, 0.8353125, 0.841875]",0.8496875
Classifier,Adam,K-Fold,"[0.8, 0.1, 0.1]",10,32,TagConv,AvgPooling,0.001,64,165,0.8588541666666667,0.850625,0.8485,0.34544337034225464,0.3870096653699875,0.3770247995853424,"[0.8428125, 0.8496875, 0.8465625, 0.833125, 0.8278125, 0.83375, 0.8390625, 0.8328125, 0.8353125, 0.841875]",0.8496875
Classifier,Adam,K-Fold,"[0.8, 0.1, 0.1]",10,32,TagConv,AvgPooling,0.001,64,166,0.8593055555555555,0.84875,0.8485,0.3448786867658297,0.38830722630023956,0.3770247995853424,"[0.8428125, 0.8496875, 0.8465625, 0.833125, 0.8278125, 0.83375, 0.8390625, 0.8328125, 0.8353125, 0.841875]",0.8496875
Classifier,Adam,K-Fold,"[0.8, 0.1, 0.1]",10,32,TagConv,AvgPooling,0.001,64,167,0.8589583333333334,0.8459375,0.8485,0.3450419164697329,0.38586698204278946,0.3770247995853424,"[0.8428125, 0.8496875, 0.8465625, 0.833125, 0.8278125, 0.83375, 0.8390625, 0.8328125, 0.8353125, 0.841875]",0.8496875
Classifier,Adam,K-Fold,"[0.8, 0.1, 0.1]",10,32,TagConv,AvgPooling,0.001,64,168,0.8592013888888889,0.8440625,0.8485,0.3446998596191406,0.3876977387070656,0.3770247995853424,"[0.8428125, 0.8496875, 0.8465625, 0.833125, 0.8278125, 0.83375, 0.8390625, 0.8328125, 0.8353125, 0.841875]",0.8496875
Classifier,Adam,K-Fold,"[0.8, 0.1, 0.1]",10,32,TagConv,AvgPooling,0.001,64,169,0.8600347222222222,0.850625,0.8485,0.34418128957351046,0.3867725986242294,0.3770247995853424,"[0.8428125, 0.8496875, 0.8465625, 0.833125, 0.8278125, 0.83375, 0.8390625, 0.8328125, 0.8353125, 0.841875]",0.8496875
Classifier,Adam,K-Fold,"[0.8, 0.1, 0.1]",10,32,TagConv,AvgPooling,0.001,64,170,0.8590277777777777,0.8484375,0.8485,0.34349861360258527,0.3870756796002388,0.3770247995853424,"[0.8428125, 0.8496875, 0.8465625, 0.833125, 0.8278125, 0.83375, 0.8390625, 0.8328125, 0.8353125, 0.841875]",0.8496875
Classifier,Adam,K-Fold,"[0.8, 0.1, 0.1]",10,32,TagConv,AvgPooling,0.001,64,171,0.8603472222222223,0.84375,0.8485,0.3428880413704448,0.390630641579628,0.3770247995853424,"[0.8428125, 0.8496875, 0.8465625, 0.833125, 0.8278125, 0.83375, 0.8390625, 0.8328125, 0.8353125, 0.841875]",0.8496875
Classifier,Adam,K-Fold,"[0.8, 0.1, 0.1]",10,32,TagConv,AvgPooling,0.001,64,172,0.8594791666666667,0.848125,0.8485,0.3429192818866836,0.3857714632153511,0.3770247995853424,"[0.8428125, 0.8496875, 0.8465625, 0.833125, 0.8278125, 0.83375, 0.8390625, 0.8328125, 0.8353125, 0.841875]",0.8496875
Classifier,Adam,K-Fold,"[0.8, 0.1, 0.1]",10,32,TagConv,AvgPooling,0.001,64,173,0.8606944444444444,0.8459375,0.8485,0.3424515816900465,0.38589534878730775,0.3770247995853424,"[0.8428125, 0.8496875, 0.8465625, 0.833125, 0.8278125, 0.83375, 0.8390625, 0.8328125, 0.8353125, 0.841875]",0.8496875
Classifier,Adam,K-Fold,"[0.8, 0.1, 0.1]",10,32,TagConv,AvgPooling,0.001,64,174,0.8604166666666667,0.845625,0.8485,0.3427481997344229,0.38616264224052427,0.3770247995853424,"[0.8428125, 0.8496875, 0.8465625, 0.833125, 0.8278125, 0.83375, 0.8390625, 0.8328125, 0.8353125, 0.841875]",0.8496875
Classifier,Adam,K-Fold,"[0.8, 0.1, 0.1]",10,32,TagConv,AvgPooling,0.001,64,175,0.8589930555555556,0.85125,0.8485,0.34171906222899756,0.3848565483093262,0.3770247995853424,"[0.8428125, 0.8496875, 0.8465625, 0.833125, 0.8278125, 0.83375, 0.8390625, 0.8328125, 0.8353125, 0.841875]",0.8496875
Classifier,Adam,K-Fold,"[0.8, 0.1, 0.1]",10,32,TagConv,AvgPooling,0.001,64,176,0.8606597222222222,0.8459375,0.8485,0.34122938603162767,0.3870680463314056,0.3770247995853424,"[0.8428125, 0.8496875, 0.8465625, 0.833125, 0.8278125, 0.83375, 0.8390625, 0.8328125, 0.8353125, 0.841875]",0.8496875
Classifier,Adam,K-Fold,"[0.8, 0.1, 0.1]",10,32,TagConv,AvgPooling,0.001,64,177,0.8618055555555556,0.8459375,0.8485,0.34112831698523627,0.3848655837774277,0.3770247995853424,"[0.8428125, 0.8496875, 0.8465625, 0.833125, 0.8278125, 0.83375, 0.8390625, 0.8328125, 0.8353125, 0.841875]",0.8496875
Classifier,Adam,K-Fold,"[0.8, 0.1, 0.1]",10,32,TagConv,AvgPooling,0.001,64,178,0.8609027777777778,0.8484375,0.8485,0.34104799701107874,0.38456605076789857,0.3770247995853424,"[0.8428125, 0.8496875, 0.8465625, 0.833125, 0.8278125, 0.83375, 0.8390625, 0.8328125, 0.8353125, 0.841875]",0.8496875
Classifier,Adam,K-Fold,"[0.8, 0.1, 0.1]",10,32,TagConv,AvgPooling,0.001,64,179,0.8609375,0.8496875,0.8485,0.3401611433757676,0.3841889351606369,0.3770247995853424,"[0.8428125, 0.8496875, 0.8465625, 0.833125, 0.8278125, 0.83375, 0.8390625, 0.8328125, 0.8353125, 0.841875]",0.8496875
Classifier,Adam,K-Fold,"[0.8, 0.1, 0.1]",10,32,TagConv,AvgPooling,0.001,64,180,0.861875,0.8475,0.8485,0.3400186417500178,0.3839027562737465,0.3770247995853424,"[0.8428125, 0.8496875, 0.8465625, 0.833125, 0.8278125, 0.83375, 0.8390625, 0.8328125, 0.8353125, 0.841875]",0.8496875
Classifier,Adam,K-Fold,"[0.8, 0.1, 0.1]",10,32,TagConv,AvgPooling,0.001,64,181,0.8613888888888889,0.84875,0.8485,0.33990570402807657,0.38863117545843123,0.3770247995853424,"[0.8428125, 0.8496875, 0.8465625, 0.833125, 0.8278125, 0.83375, 0.8390625, 0.8328125, 0.8353125, 0.841875]",0.8496875
Classifier,Adam,K-Fold,"[0.8, 0.1, 0.1]",10,32,TagConv,AvgPooling,0.001,64,182,0.8617013888888889,0.8503125,0.8485,0.3397585078080495,0.3881942427158356,0.3770247995853424,"[0.8428125, 0.8496875, 0.8465625, 0.833125, 0.8278125, 0.83375, 0.8390625, 0.8328125, 0.8353125, 0.841875]",0.8496875
Classifier,Adam,K-Fold,"[0.8, 0.1, 0.1]",10,32,TagConv,AvgPooling,0.001,64,183,0.8614583333333333,0.84625,0.8485,0.339598985446824,0.3855553013086319,0.3770247995853424,"[0.8428125, 0.8496875, 0.8465625, 0.833125, 0.8278125, 0.83375, 0.8390625, 0.8328125, 0.8353125, 0.841875]",0.8496875
Classifier,Adam,K-Fold,"[0.8, 0.1, 0.1]",10,32,TagConv,AvgPooling,0.001,64,184,0.8627777777777778,0.8515625,0.8485,0.33914937684933344,0.38738883018493653,0.3770247995853424,"[0.8428125, 0.8496875, 0.8465625, 0.833125, 0.8278125, 0.83375, 0.8390625, 0.8328125, 0.8353125, 0.841875]",0.8496875
Classifier,Adam,K-Fold,"[0.8, 0.1, 0.1]",10,32,TagConv,AvgPooling,0.001,64,185,0.8630208333333333,0.84625,0.8485,0.3388636569844352,0.385585877597332,0.3770247995853424,"[0.8428125, 0.8496875, 0.8465625, 0.833125, 0.8278125, 0.83375, 0.8390625, 0.8328125, 0.8353125, 0.841875]",0.8496875
Classifier,Adam,K-Fold,"[0.8, 0.1, 0.1]",10,32,TagConv,AvgPooling,0.001,64,186,0.8612847222222222,0.84375,0.8485,0.3380666935775015,0.3888205188512802,0.3770247995853424,"[0.8428125, 0.8496875, 0.8465625, 0.833125, 0.8278125, 0.83375, 0.8390625, 0.8328125, 0.8353125, 0.841875]",0.8496875
Classifier,Adam,K-Fold,"[0.8, 0.1, 0.1]",10,32,TagConv,AvgPooling,0.001,64,187,0.8632291666666667,0.849375,0.8485,0.33812804059849844,0.38285157322883606,0.3770247995853424,"[0.8428125, 0.8496875, 0.8465625, 0.833125, 0.8278125, 0.83375, 0.8390625, 0.8328125, 0.8353125, 0.841875]",0.8496875
Classifier,Adam,K-Fold,"[0.8, 0.1, 0.1]",10,32,TagConv,AvgPooling,0.001,64,188,0.8632638888888889,0.8446875,0.8485,0.33751154843303893,0.38781325310468673,0.3770247995853424,"[0.8428125, 0.8496875, 0.8465625, 0.833125, 0.8278125, 0.83375, 0.8390625, 0.8328125, 0.8353125, 0.841875]",0.8496875
Classifier,Adam,K-Fold,"[0.8, 0.1, 0.1]",10,32,TagConv,AvgPooling,0.001,64,189,0.8630902777777778,0.8490625,0.8485,0.3374805962377124,0.38613868713378907,0.3770247995853424,"[0.8428125, 0.8496875, 0.8465625, 0.833125, 0.8278125, 0.83375, 0.8390625, 0.8328125, 0.8353125, 0.841875]",0.8496875
Classifier,Adam,K-Fold,"[0.8, 0.1, 0.1]",10,32,TagConv,AvgPooling,0.001,64,190,0.863125,0.849375,0.8485,0.336883280939526,0.3877279418706894,0.3770247995853424,"[0.8428125, 0.8496875, 0.8465625, 0.833125, 0.8278125, 0.83375, 0.8390625, 0.8328125, 0.8353125, 0.841875]",0.8496875
Classifier,Adam,K-Fold,"[0.8, 0.1, 0.1]",10,32,TagConv,AvgPooling,0.001,64,191,0.8637847222222222,0.84625,0.8485,0.3368133708834648,0.38539213567972186,0.3770247995853424,"[0.8428125, 0.8496875, 0.8465625, 0.833125, 0.8278125, 0.83375, 0.8390625, 0.8328125, 0.8353125, 0.841875]",0.8496875
Classifier,Adam,K-Fold,"[0.8, 0.1, 0.1]",10,32,TagConv,AvgPooling,0.001,64,192,0.8623958333333334,0.8490625,0.8485,0.3363551866345935,0.3850026234984398,0.3770247995853424,"[0.8428125, 0.8496875, 0.8465625, 0.833125, 0.8278125, 0.83375, 0.8390625, 0.8328125, 0.8353125, 0.841875]",0.8496875
Classifier,Adam,K-Fold,"[0.8, 0.1, 0.1]",10,32,TagConv,AvgPooling,0.001,64,193,0.8641666666666666,0.8478125,0.8485,0.3360287532872624,0.3845407375693321,0.3770247995853424,"[0.8428125, 0.8496875, 0.8465625, 0.833125, 0.8278125, 0.83375, 0.8390625, 0.8328125, 0.8353125, 0.841875]",0.8496875
Classifier,Adam,K-Fold,"[0.8, 0.1, 0.1]",10,32,TagConv,AvgPooling,0.001,64,194,0.8630555555555556,0.848125,0.8485,0.3359184516138501,0.3845257222652435,0.3770247995853424,"[0.8428125, 0.8496875, 0.8465625, 0.833125, 0.8278125, 0.83375, 0.8390625, 0.8328125, 0.8353125, 0.841875]",0.8496875
Classifier,Adam,K-Fold,"[0.8, 0.1, 0.1]",10,32,TagConv,AvgPooling,0.001,64,195,0.8638541666666667,0.8446875,0.8485,0.33557138797309666,0.38424756228923795,0.3770247995853424,"[0.8428125, 0.8496875, 0.8465625, 0.833125, 0.8278125, 0.83375, 0.8390625, 0.8328125, 0.8353125, 0.841875]",0.8496875
Classifier,Adam,K-Fold,"[0.8, 0.1, 0.1]",10,32,TagConv,AvgPooling,0.001,64,196,0.8640277777777777,0.8490625,0.8485,0.33509703639480803,0.38398483514785764,0.3770247995853424,"[0.8428125, 0.8496875, 0.8465625, 0.833125, 0.8278125, 0.83375, 0.8390625, 0.8328125, 0.8353125, 0.841875]",0.8496875
Classifier,Adam,K-Fold,"[0.8, 0.1, 0.1]",10,32,TagConv,AvgPooling,0.001,64,197,0.8646875,0.8453125,0.8485,0.3347068452172809,0.3863497689366341,0.3770247995853424,"[0.8428125, 0.8496875, 0.8465625, 0.833125, 0.8278125, 0.83375, 0.8390625, 0.8328125, 0.8353125, 0.841875]",0.8496875
Classifier,Adam,K-Fold,"[0.8, 0.1, 0.1]",10,32,TagConv,AvgPooling,0.001,64,198,0.8638541666666667,0.848125,0.8485,0.3344841955767737,0.38671183347702026,0.3770247995853424,"[0.8428125, 0.8496875, 0.8465625, 0.833125, 0.8278125, 0.83375, 0.8390625, 0.8328125, 0.8353125, 0.841875]",0.8496875
Classifier,Adam,K-Fold,"[0.8, 0.1, 0.1]",10,32,TagConv,AvgPooling,0.001,64,199,0.8657291666666667,0.8453125,0.8485,0.3342116866840257,0.3873815104365349,0.3770247995853424,"[0.8428125, 0.8496875, 0.8465625, 0.833125, 0.8278125, 0.83375, 0.8390625, 0.8328125, 0.8353125, 0.841875]",0.8496875
Classifier,Adam,K-Fold,"[0.8, 0.1, 0.1]",10,32,TagConv,AvgPooling,0.001,64,200,0.8655555555555555,0.8465625,0.8485,0.33404772261778515,0.38452409744262694,0.3770247995853424,"[0.8428125, 0.8496875, 0.8465625, 0.833125, 0.8278125, 0.83375, 0.8390625, 0.8328125, 0.8353125, 0.841875]",0.8496875
Classifier,Adam,K-Fold,"[0.8, 0.1, 0.1]",10,32,TagConv,AvgPooling,0.001,64,201,0.8642361111111111,0.849375,0.8485,0.33302564730246864,0.3847971314191818,0.3770247995853424,"[0.8428125, 0.8496875, 0.8465625, 0.833125, 0.8278125, 0.83375, 0.8390625, 0.8328125, 0.8353125, 0.841875]",0.8496875
Classifier,Adam,K-Fold,"[0.8, 0.1, 0.1]",10,32,TagConv,AvgPooling,0.001,64,202,0.8656944444444444,0.846875,0.8485,0.3331911328766081,0.3867356190085411,0.3770247995853424,"[0.8428125, 0.8496875, 0.8465625, 0.833125, 0.8278125, 0.83375, 0.8390625, 0.8328125, 0.8353125, 0.841875]",0.8496875
Classifier,Adam,K-Fold,"[0.8, 0.1, 0.1]",10,32,TagConv,AvgPooling,0.001,64,203,0.8651388888888889,0.8471875,0.8485,0.33335414204332564,0.384017613530159,0.3770247995853424,"[0.8428125, 0.8496875, 0.8465625, 0.833125, 0.8278125, 0.83375, 0.8390625, 0.8328125, 0.8353125, 0.841875]",0.8496875
Classifier,Adam,K-Fold,"[0.8, 0.1, 0.1]",10,32,TagConv,AvgPooling,0.001,64,204,0.8651041666666667,0.84625,0.8485,0.33250409338209364,0.3861148348450661,0.3770247995853424,"[0.8428125, 0.8496875, 0.8465625, 0.833125, 0.8278125, 0.83375, 0.8390625, 0.8328125, 0.8353125, 0.841875]",0.8496875
Classifier,Adam,K-Fold,"[0.8, 0.1, 0.1]",10,32,TagConv,AvgPooling,0.001,64,205,0.8646180555555556,0.84625,0.8485,0.33218168285157945,0.3838626605272293,0.3770247995853424,"[0.8428125, 0.8496875, 0.8465625, 0.833125, 0.8278125, 0.83375, 0.8390625, 0.8328125, 0.8353125, 0.841875]",0.8496875
Classifier,Adam,K-Fold,"[0.8, 0.1, 0.1]",10,32,TagConv,AvgPooling,0.001,64,206,0.8646180555555556,0.8465625,0.8485,0.3317626547151142,0.384361617565155,0.3770247995853424,"[0.8428125, 0.8496875, 0.8465625, 0.833125, 0.8278125, 0.83375, 0.8390625, 0.8328125, 0.8353125, 0.841875]",0.8496875
Classifier,Adam,K-Fold,"[0.8, 0.1, 0.1]",10,32,TagConv,AvgPooling,0.001,64,207,0.8657638888888889,0.845,0.8485,0.3318037088049783,0.3844925570487976,0.3770247995853424,"[0.8428125, 0.8496875, 0.8465625, 0.833125, 0.8278125, 0.83375, 0.8390625, 0.8328125, 0.8353125, 0.841875]",0.8496875
Classifier,Adam,K-Fold,"[0.8, 0.1, 0.1]",10,32,TagConv,AvgPooling,0.001,64,208,0.8664583333333333,0.8475,0.8485,0.3310105443663067,0.3845654192566872,0.3770247995853424,"[0.8428125, 0.8496875, 0.8465625, 0.833125, 0.8278125, 0.83375, 0.8390625, 0.8328125, 0.8353125, 0.841875]",0.8496875
Classifier,Adam,K-Fold,"[0.8, 0.1, 0.1]",10,32,TagConv,AvgPooling,0.001,64,209,0.8657986111111111,0.84875,0.8485,0.33121578213241365,0.38477531731128695,0.3770247995853424,"[0.8428125, 0.8496875, 0.8465625, 0.833125, 0.8278125, 0.83375, 0.8390625, 0.8328125, 0.8353125, 0.841875]",0.8496875
Classifier,Adam,K-Fold,"[0.8, 0.1, 0.1]",10,32,TagConv,AvgPooling,0.001,64,210,0.8664930555555556,0.8484375,0.8485,0.3307139634092649,0.3863387301564217,0.3770247995853424,"[0.8428125, 0.8496875, 0.8465625, 0.833125, 0.8278125, 0.83375, 0.8390625, 0.8328125, 0.8353125, 0.841875]",0.8496875
Classifier,Adam,K-Fold,"[0.8, 0.1, 0.1]",10,32,TagConv,AvgPooling,0.001,64,211,0.8670833333333333,0.8475,0.8485,0.3301823715368907,0.38590089976787567,0.3770247995853424,"[0.8428125, 0.8496875, 0.8465625, 0.833125, 0.8278125, 0.83375, 0.8390625, 0.8328125, 0.8353125, 0.841875]",0.8496875
Classifier,Adam,K-Fold,"[0.8, 0.1, 0.1]",10,32,TagConv,AvgPooling,0.001,64,212,0.86625,0.8484375,0.8485,0.3298989380068249,0.3873976624011993,0.3770247995853424,"[0.8428125, 0.8496875, 0.8465625, 0.833125, 0.8278125, 0.83375, 0.8390625, 0.8328125, 0.8353125, 0.841875]",0.8496875
Classifier,Adam,K-Fold,"[0.8, 0.1, 0.1]",10,32,TagConv,AvgPooling,0.001,64,213,0.8673263888888889,0.84625,0.8485,0.32988245331578786,0.3846746587753296,0.3770247995853424,"[0.8428125, 0.8496875, 0.8465625, 0.833125, 0.8278125, 0.83375, 0.8390625, 0.8328125, 0.8353125, 0.841875]",0.8496875
Classifier,Adam,K-Fold,"[0.8, 0.1, 0.1]",10,32,TagConv,AvgPooling,0.001,64,214,0.8664236111111111,0.846875,0.8485,0.330033560693264,0.3851760840415955,0.3770247995853424,"[0.8428125, 0.8496875, 0.8465625, 0.833125, 0.8278125, 0.83375, 0.8390625, 0.8328125, 0.8353125, 0.841875]",0.8496875
Classifier,Adam,K-Fold,"[0.8, 0.1, 0.1]",10,32,TagConv,AvgPooling,0.001,64,215,0.8655902777777778,0.84625,0.8485,0.32933392779694665,0.38568528383970263,0.3770247995853424,"[0.8428125, 0.8496875, 0.8465625, 0.833125, 0.8278125, 0.83375, 0.8390625, 0.8328125, 0.8353125, 0.841875]",0.8496875
Classifier,Adam,K-Fold,"[0.8, 0.1, 0.1]",10,32,TagConv,AvgPooling,0.001,64,216,0.8669444444444444,0.84625,0.8485,0.3292701916893323,0.3849408605694771,0.3770247995853424,"[0.8428125, 0.8496875, 0.8465625, 0.833125, 0.8278125, 0.83375, 0.8390625, 0.8328125, 0.8353125, 0.841875]",0.8496875
Classifier,Adam,K-Fold,"[0.8, 0.1, 0.1]",10,32,TagConv,AvgPooling,0.001,64,217,0.8667361111111112,0.8475,0.8485,0.32811357398827873,0.3844476756453514,0.3770247995853424,"[0.8428125, 0.8496875, 0.8465625, 0.833125, 0.8278125, 0.83375, 0.8390625, 0.8328125, 0.8353125, 0.841875]",0.8496875
Classifier,Adam,K-Fold,"[0.8, 0.1, 0.1]",10,32,TagConv,AvgPooling,0.001,64,218,0.8663888888888889,0.84875,0.8485,0.32843834078974193,0.3854241347312927,0.3770247995853424,"[0.8428125, 0.8496875, 0.8465625, 0.833125, 0.8278125, 0.83375, 0.8390625, 0.8328125, 0.8353125, 0.841875]",0.8496875
Classifier,Adam,K-Fold,"[0.8, 0.1, 0.1]",10,32,TagConv,AvgPooling,0.001,64,219,0.8667708333333334,0.845625,0.8485,0.3280612532960044,0.3846370005607605,0.3770247995853424,"[0.8428125, 0.8496875, 0.8465625, 0.833125, 0.8278125, 0.83375, 0.8390625, 0.8328125, 0.8353125, 0.841875]",0.8496875
Classifier,Adam,K-Fold,"[0.8, 0.1, 0.1]",10,32,TagConv,AvgPooling,0.001,64,220,0.8672916666666667,0.845,0.8485,0.3277511544691192,0.38630003929138185,0.3770247995853424,"[0.8428125, 0.8496875, 0.8465625, 0.833125, 0.8278125, 0.83375, 0.8390625, 0.8328125, 0.8353125, 0.841875]",0.8496875
Classifier,Adam,K-Fold,"[0.8, 0.1, 0.1]",10,32,TagConv,AvgPooling,0.001,64,221,0.8669791666666666,0.8440625,0.8485,0.32788138382964666,0.38744841516017914,0.3770247995853424,"[0.8428125, 0.8496875, 0.8465625, 0.833125, 0.8278125, 0.83375, 0.8390625, 0.8328125, 0.8353125, 0.841875]",0.8496875
Classifier,Adam,K-Fold,"[0.8, 0.1, 0.1]",10,32,TagConv,AvgPooling,0.001,64,222,0.8686458333333333,0.845,0.8485,0.32696161107884514,0.38461886793375016,0.3770247995853424,"[0.8428125, 0.8496875, 0.8465625, 0.833125, 0.8278125, 0.83375, 0.8390625, 0.8328125, 0.8353125, 0.841875]",0.8496875
Classifier,Adam,K-Fold,"[0.8, 0.1, 0.1]",10,32,TagConv,AvgPooling,0.001,64,223,0.8687152777777778,0.84125,0.8485,0.3269077773888906,0.38692027449607846,0.3770247995853424,"[0.8428125, 0.8496875, 0.8465625, 0.833125, 0.8278125, 0.83375, 0.8390625, 0.8328125, 0.8353125, 0.841875]",0.8496875
Classifier,Adam,K-Fold,"[0.8, 0.1, 0.1]",10,32,TagConv,AvgPooling,0.001,64,224,0.8684375,0.848125,0.8485,0.3263117730617523,0.38886869758367537,0.3770247995853424,"[0.8428125, 0.8496875, 0.8465625, 0.833125, 0.8278125, 0.83375, 0.8390625, 0.8328125, 0.8353125, 0.841875]",0.8496875
Classifier,Adam,K-Fold,"[0.8, 0.1, 0.1]",10,32,TagConv,AvgPooling,0.001,64,225,0.8684722222222222,0.8471875,0.8485,0.32607296314504414,0.385435848236084,0.3770247995853424,"[0.8428125, 0.8496875, 0.8465625, 0.833125, 0.8278125, 0.83375, 0.8390625, 0.8328125, 0.8353125, 0.841875]",0.8496875
Classifier,Adam,K-Fold,"[0.8, 0.1, 0.1]",10,32,TagConv,AvgPooling,0.001,64,226,0.8676388888888888,0.846875,0.8485,0.32624427441093656,0.3853583964705467,0.3770247995853424,"[0.8428125, 0.8496875, 0.8465625, 0.833125, 0.8278125, 0.83375, 0.8390625, 0.8328125, 0.8353125, 0.841875]",0.8496875
Classifier,Adam,K-Fold,"[0.8, 0.1, 0.1]",10,32,TagConv,AvgPooling,0.001,64,227,0.8698958333333333,0.845625,0.8485,0.32576851146088703,0.3846292245388031,0.3770247995853424,"[0.8428125, 0.8496875, 0.8465625, 0.833125, 0.8278125, 0.83375, 0.8390625, 0.8328125, 0.8353125, 0.841875]",0.8496875
Classifier,Adam,K-Fold,"[0.8, 0.1, 0.1]",10,32,TagConv,AvgPooling,0.001,64,228,0.8687847222222222,0.8471875,0.8485,0.3253161869777573,0.38605096280574797,0.3770247995853424,"[0.8428125, 0.8496875, 0.8465625, 0.833125, 0.8278125, 0.83375, 0.8390625, 0.8328125, 0.8353125, 0.841875]",0.8496875
Classifier,Adam,K-Fold,"[0.8, 0.1, 0.1]",10,32,TagConv,AvgPooling,0.001,64,229,0.8703819444444445,0.845625,0.8485,0.32486348619063693,0.38610891669988634,0.3770247995853424,"[0.8428125, 0.8496875, 0.8465625, 0.833125, 0.8278125, 0.83375, 0.8390625, 0.8328125, 0.8353125, 0.841875]",0.8496875
Classifier,Adam,K-Fold,"[0.8, 0.1, 0.1]",10,32,TagConv,AvgPooling,0.001,64,230,0.8676041666666666,0.8428125,0.8485,0.32464987023009195,0.3845972669124603,0.3770247995853424,"[0.8428125, 0.8496875, 0.8465625, 0.833125, 0.8278125, 0.83375, 0.8390625, 0.8328125, 0.8353125, 0.841875]",0.8496875
Classifier,Adam,K-Fold,"[0.8, 0.1, 0.1]",10,32,TagConv,AvgPooling,0.001,64,231,0.868125,0.8471875,0.8485,0.32451424703001974,0.3848376932740212,0.3770247995853424,"[0.8428125, 0.8496875, 0.8465625, 0.833125, 0.8278125, 0.83375, 0.8390625, 0.8328125, 0.8353125, 0.841875]",0.8496875
Classifier,Adam,K-Fold,"[0.8, 0.1, 0.1]",10,32,TagConv,AvgPooling,0.001,64,232,0.8681944444444445,0.84625,0.8485,0.3245260504550404,0.384710234105587,0.3770247995853424,"[0.8428125, 0.8496875, 0.8465625, 0.833125, 0.8278125, 0.83375, 0.8390625, 0.8328125, 0.8353125, 0.841875]",0.8496875
Classifier,Adam,K-Fold,"[0.8, 0.1, 0.1]",10,32,TagConv,AvgPooling,0.001,64,233,0.8690972222222222,0.8453125,0.8485,0.3239125174283981,0.3849217158555984,0.3770247995853424,"[0.8428125, 0.8496875, 0.8465625, 0.833125, 0.8278125, 0.83375, 0.8390625, 0.8328125, 0.8353125, 0.841875]",0.8496875
Classifier,Adam,K-Fold,"[0.8, 0.1, 0.1]",10,32,TagConv,AvgPooling,0.001,64,234,0.870625,0.8440625,0.8485,0.3235846504569054,0.39126351684331895,0.3770247995853424,"[0.8428125, 0.8496875, 0.8465625, 0.833125, 0.8278125, 0.83375, 0.8390625, 0.8328125, 0.8353125, 0.841875]",0.8496875
Classifier,Adam,K-Fold,"[0.8, 0.1, 0.1]",10,32,TagConv,AvgPooling,0.001,64,235,0.8698263888888889,0.8471875,0.8485,0.32317800949017206,0.3891100716590881,0.3770247995853424,"[0.8428125, 0.8496875, 0.8465625, 0.833125, 0.8278125, 0.83375, 0.8390625, 0.8328125, 0.8353125, 0.841875]",0.8496875
Classifier,Adam,K-Fold,"[0.8, 0.1, 0.1]",10,32,TagConv,AvgPooling,0.001,64,236,0.8695833333333334,0.8465625,0.8485,0.3230837674273385,0.38569642513990404,0.3770247995853424,"[0.8428125, 0.8496875, 0.8465625, 0.833125, 0.8278125, 0.83375, 0.8390625, 0.8328125, 0.8353125, 0.841875]",0.8496875
Classifier,Adam,K-Fold,"[0.8, 0.1, 0.1]",10,32,TagConv,AvgPooling,0.001,64,237,0.8699305555555555,0.8465625,0.8485,0.32304734332693946,0.38665284812450407,0.3770247995853424,"[0.8428125, 0.8496875, 0.8465625, 0.833125, 0.8278125, 0.83375, 0.8390625, 0.8328125, 0.8353125, 0.841875]",0.8496875
Classifier,Adam,K-Fold,"[0.8, 0.1, 0.1]",10,32,TagConv,AvgPooling,0.001,64,238,0.8692361111111111,0.8471875,0.8485,0.32273633350928627,0.3858215826749802,0.3770247995853424,"[0.8428125, 0.8496875, 0.8465625, 0.833125, 0.8278125, 0.83375, 0.8390625, 0.8328125, 0.8353125, 0.841875]",0.8496875
Classifier,Adam,K-Fold,"[0.8, 0.1, 0.1]",10,32,TagConv,AvgPooling,0.001,64,239,0.87,0.845,0.8485,0.32213170405891206,0.385419260263443,0.3770247995853424,"[0.8428125, 0.8496875, 0.8465625, 0.833125, 0.8278125, 0.83375, 0.8390625, 0.8328125, 0.8353125, 0.841875]",0.8496875
Classifier,Adam,K-Fold,"[0.8, 0.1, 0.1]",10,32,TagConv,AvgPooling,0.001,64,240,0.8697222222222222,0.8465625,0.8485,0.3223281441297796,0.3871624618768692,0.3770247995853424,"[0.8428125, 0.8496875, 0.8465625, 0.833125, 0.8278125, 0.83375, 0.8390625, 0.8328125, 0.8353125, 0.841875]",0.8496875
Classifier,Adam,K-Fold,"[0.8, 0.1, 0.1]",10,32,TagConv,AvgPooling,0.001,64,241,0.8702777777777778,0.8465625,0.8485,0.3218156506949001,0.38551055163145065,0.3770247995853424,"[0.8428125, 0.8496875, 0.8465625, 0.833125, 0.8278125, 0.83375, 0.8390625, 0.8328125, 0.8353125, 0.841875]",0.8496875
Classifier,Adam,K-Fold,"[0.8, 0.1, 0.1]",10,32,TagConv,AvgPooling,0.001,64,242,0.8698611111111111,0.846875,0.8485,0.3213357019424439,0.385781075656414,0.3770247995853424,"[0.8428125, 0.8496875, 0.8465625, 0.833125, 0.8278125, 0.83375, 0.8390625, 0.8328125, 0.8353125, 0.841875]",0.8496875
Classifier,Adam,K-Fold,"[0.8, 0.1, 0.1]",10,32,TagConv,AvgPooling,0.001,64,243,0.8703819444444445,0.8446875,0.8485,0.3212230249577098,0.3868436133861542,0.3770247995853424,"[0.8428125, 0.8496875, 0.8465625, 0.833125, 0.8278125, 0.83375, 0.8390625, 0.8328125, 0.8353125, 0.841875]",0.8496875
Classifier,Adam,K-Fold,"[0.8, 0.1, 0.1]",10,32,TagConv,AvgPooling,0.001,64,244,0.8704513888888888,0.84875,0.8485,0.320704757074515,0.38626339912414553,0.3770247995853424,"[0.8428125, 0.8496875, 0.8465625, 0.833125, 0.8278125, 0.83375, 0.8390625, 0.8328125, 0.8353125, 0.841875]",0.8496875
Classifier,Adam,K-Fold,"[0.8, 0.1, 0.1]",10,32,TagConv,AvgPooling,0.001,64,245,0.8696180555555556,0.8478125,0.8485,0.32044843071036866,0.38484120965003965,0.3770247995853424,"[0.8428125, 0.8496875, 0.8465625, 0.833125, 0.8278125, 0.83375, 0.8390625, 0.8328125, 0.8353125, 0.841875]",0.8496875
Classifier,Adam,K-Fold,"[0.8, 0.1, 0.1]",10,32,TagConv,AvgPooling,0.001,64,246,0.8711111111111111,0.8465625,0.8485,0.3199805306394895,0.38531340718269347,0.3770247995853424,"[0.8428125, 0.8496875, 0.8465625, 0.833125, 0.8278125, 0.83375, 0.8390625, 0.8328125, 0.8353125, 0.841875]",0.8496875
Classifier,Adam,K-Fold,"[0.8, 0.1, 0.1]",10,32,TagConv,AvgPooling,0.001,64,247,0.8708680555555556,0.8453125,0.8485,0.3202627068095737,0.3892514485120773,0.3770247995853424,"[0.8428125, 0.8496875, 0.8465625, 0.833125, 0.8278125, 0.83375, 0.8390625, 0.8328125, 0.8353125, 0.841875]",0.8496875
Classifier,Adam,K-Fold,"[0.8, 0.1, 0.1]",10,32,TagConv,AvgPooling,0.001,64,248,0.8708333333333333,0.8475,0.8485,0.3200999894075923,0.3854674741625786,0.3770247995853424,"[0.8428125, 0.8496875, 0.8465625, 0.833125, 0.8278125, 0.83375, 0.8390625, 0.8328125, 0.8353125, 0.841875]",0.8496875
Classifier,Adam,K-Fold,"[0.8, 0.1, 0.1]",10,32,TagConv,AvgPooling,0.001,64,249,0.8716666666666667,0.8434375,0.8485,0.31972623864809674,0.3873756355047226,0.3770247995853424,"[0.8428125, 0.8496875, 0.8465625, 0.833125, 0.8278125, 0.83375, 0.8390625, 0.8328125, 0.8353125, 0.841875]",0.8496875
Classifier,Adam,K-Fold,"[0.8, 0.1, 0.1]",10,32,TagConv,AvgPooling,0.001,64,250,0.8715972222222222,0.8496875,0.8485,0.3193550389011701,0.3845595449209213,0.3770247995853424,"[0.8428125, 0.8496875, 0.8465625, 0.833125, 0.8278125, 0.83375, 0.8390625, 0.8328125, 0.8353125, 0.841875]",0.8496875
