predicted,actual
669.703,681
768.729,777
701.013,697
713.372,719
754.03,772
680.134,713
637.489,640
706.063,709
704.206,715
671.873,690
785.394,771
776.854,785
764.691,775
760.175,734
796.56,792
651.404,654
526.467,537
629.625,649
539.287,570
610.04,647
622.586,654
535.524,541
614.9,635
591.754,639
553.923,550
610.624,624
571.391,620
617.551,639
623.703,630
616.966,656
621.242,643
515.857,525
567.314,570
715.526,725
567.258,560
635.5,658
732.001,725
600.185,609
597.82,595
618.679,622
649.575,686
608.06,615
583.811,569
662.597,682
657.597,675
638.004,630
677.667,681
603.526,605
630.942,644
750.614,786
632.754,646
716.862,733
745.687,778
615.737,630
709.527,720
720.738,731
628.791,646
756.002,777
706.541,707
800.537,814
730.578,761
764.751,761
766.492,800
607.87,625
633.683,604
675.474,672
604.118,606
567.982,572
698.898,675
541.601,559
621.998,625
676.404,668
601.452,602
671.493,659
654.68,634
693.86,685
607.242,602
572.708,567
682.536,689
645.881,629
529.554,542
663.924,659
540.58,548
633.712,639
648.338,663
572.803,567
611.323,621
614.37,621
526.003,543
584.351,598
616.97,626
660.912,658
607.224,609
622.543,616
659.597,659
542.059,552
590.578,589
689.683,681
611.605,609
652.006,657
675.601,685
604.156,577
645.266,665
688.635,685
596.345,593
645.799,658
674.536,671
671.979,668
642.12,629
672.489,687
664.834,662
572.449,571
680.806,662
864.434,837
735.698,709
797.387,777
859.003,832
652.986,638
768.986,740
971.964,923
712.771,713
859.947,859
860.397,832
843.096,829
821.973,821
851.492,797
837.488,823
719.402,715
584.903,589
634.594,636
573.527,586
558.352,550
626.806,634
602.288,582
575.801,572
638.359,633
602.56,597
566.502,584
636.919,625
604.557,601
554.41,558
595.463,581
604.819,600
595.177,589
602.518,580
637.778,636
619.167,595
572.179,568
651.834,636
616.831,598
569.16,566
603.996,574
578.506,575
613.638,590
626.611,597
652.327,633
585.038,585
576.878,582
650.109,630
592.395,577
656.26,661
728.143,737
641.697,638
684.135,716
739.131,741
614.527,611
617.934,631
697.419,741
647.741,658
682.968,650
629.67,678
781.274,775
722.086,742
582.59,596
748.891,786
653.354,691
556.95,553
661.502,661
553.976,552
663.452,648
664.857,656
543.172,536
636.67,634
624.115,623
548.828,538
651.019,640
622.578,621
651.844,650
704.743,684
582.966,589
653.234,650
588.24,571
597.777,594
698.934,692
615.223,604
678.368,668
703.351,693
600.711,601
613.551,614
597.226,597
602.704,601
569.491,566
587.836,591
715.275,712
625.088,623
604.624,612
706.01,716
608.252,615
533.549,540
645.999,638
541.165,542
614.331,609
643.601,640
548.373,553
654.824,652
620.642,605
531.101,537
594.086,605
641.932,627
637.286,636
625.725,621
647.998,633
639.118,637
539.652,542
603.575,617
758.698,760
622.257,632
666.031,640
745.18,754
664.523,654
666.374,666
687.042,709
678.597,674
656.499,649
657.995,656
685.006,686
650.92,629
682.278,667
678.898,681
633.698,652
624.902,619
809.249,813
612.195,609
753.1,727
827.452,818
668.219,652
792.139,768
730.232,746
636.439,632
752.45,739
759.19,789
760.81,745
756.965,768
749.26,762
751.213,756
661.448,645
605.562,598
706.643,721
598.136,596
651.875,682
700.652,715
598.906,603
690.789,692
675.322,700
572.955,572
696.235,692
700.05,716
688.806,677
639.84,659
641.408,687
686.385,682
615.491,617
692.555,692
920.203,897
665.965,668
777.788,781
904.831,917
749.704,733
858.645,878
863.761,857
739.416,736
863.53,829
891.436,907
843.664,856
897.714,879
870.04,874
848.508,861
774.792,748
605.978,622
771.244,808
603.825,613
795.793,765
804.353,814
632.602,643
785.111,772
729.829,743
631.326,634
782.12,782
741.655,743
782.553,775
786.028,758
743.308,743
770.389,765
612.966,612
563.99,566
662.408,677
574.604,575
653.275,639
673.98,678
543.84,547
687.311,664
637.868,635
554.509,556
655.459,644
641.763,638
668.101,665
662.625,655
622.842,632
673.499,667
580.138,582
662.31,670
811.696,856
674.682,672
757.36,762
871.008,847
671.091,661
745.674,741
811.828,770
708.924,678
809.371,823
806.757,808
837.615,837
801.035,779
735.288,732
848.931,840
710.899,698
652.072,660
680.666,726
692.396,684
586.789,603
670.73,724
619.704,623
630.35,664
624.894,637
572.787,607
658.847,689
707.825,697
702.048,718
602.958,626
634.117,631
713.177,720
595.354,619
569.756,570
662.425,649
549.701,558
636.118,650
663.673,654
535.463,544
639.169,646
601.664,622
553.801,557
648.826,650
643.629,633
660.955,672
645.435,640
609.196,618
652.794,667
545.799,548
617.96,665
737.041,778
617.96,661
679.641,713
741.851,780
704.698,726
617.707,636
642.362,685
705.979,760
651.391,690
659.768,698
698.637,741
728.822,772
702.659,763
718.051,740
586.608,627
576.714,576
693.611,688
580.014,589
659.498,656
687.049,687
551.772,563
685.97,677
670.821,676
559.914,560
627.839,617
683.336,689
670.991,663
669.058,654
650.133,649
666.695,668
561.425,568
643.847,647
647.247,661
625.037,628
581.102,587
672.991,667
554.92,573
609.736,617
688.904,694
593.422,600
623.472,639
657.342,641
680.041,682
608.604,606
578.755,568
670.74,675
642.301,645
618.0,633
680.268,695
633.783,633
639.058,617
683.571,690
588.109,589
620.741,627
599.148,595
566.857,560
605.31,621
644.027,627
634.963,652
613.179,612
584.2,584
651.854,664
580.353,588
634.804,684
915.675,949
606.093,658
895.875,870
883.703,953
721.788,737
706.476,753
701.376,733
806.778,858
737.841,773
606.23,654
874.006,923
887.403,894
750.586,774
915.335,916
616.523,662
554.215,564
656.047,660
556.462,573
633.863,635
650.656,659
546.135,553
634.344,642
651.607,656
561.283,557
648.863,646
613.518,621
659.451,664
620.171,629
642.187,660
653.594,665
548.225,558
682.319,686
895.764,889
730.422,733
824.247,839
872.783,880
654.946,661
765.921,764
938.345,931
698.026,715
842.752,840
859.625,854
840.382,853
825.458,832
862.052,853
835.359,848
640.044,657
786.099,781
1034.625,1185
706.409,735
954.715,989
1103.952,1178
836.237,778
754.645,785
829.711,854
953.446,926
852.815,889
723.395,720
993.131,1079
1103.084,1101
783.79,813
1043.938,1080
750.943,831
531.801,534
648.325,673
548.057,550
637.991,652
647.514,672
550.999,553
616.591,624
627.609,622
578.956,577
665.311,664
625.844,624
674.244,669
635.46,634
672.451,669
660.077,664
526.021,545
565.38,557
692.807,693
601.601,589
683.048,681
694.563,689
574.541,571
632.951,634
697.749,708
621.345,608
696.884,687
702.919,710
718.712,702
674.531,678
725.258,735
707.957,696
585.589,584
681.487,713
853.157,946
719.239,741
712.279,784
861.225,954
768.212,815
860.215,913
620.259,692
682.262,791
767.705,818
705.892,757
792.977,821
640.355,679
846.8,845
777.345,802
707.763,780
603.081,610
760.409,776
625.381,641
672.355,690
756.614,781
666.048,646
725.709,749
752.889,763
630.51,629
717.629,718
725.195,733
737.528,739
670.251,681
729.374,749
727.792,734
607.518,617
644.433,638
798.847,785
682.303,656
783.521,754
791.789,783
656.317,644
775.513,762
779.744,768
698.436,669
819.964,785
783.708,783
753.002,754
717.842,688
839.261,823
757.43,754
625.64,603
710.82,738
933.75,983
683.329,710
833.762,846
965.844,1006
771.202,785
928.859,959
902.242,934
772.353,790
881.383,906
924.476,996
900.597,935
939.943,963
934.046,957
911.999,940
786.099,805
734.159,737
916.864,941
760.882,759
948.963,936
927.062,936
637.754,656
843.721,836
888.578,905
738.53,728
908.753,922
773.166,789
916.129,906
804.79,810
893.632,895
890.97,891
639.404,656
632.621,641
755.166,767
611.653,623
737.407,732
735.215,761
593.635,596
690.552,703
718.138,718
599.626,601
706.236,706
681.113,681
732.745,733
684.885,681
725.22,726
727.098,722
585.218,586
539.32,545
661.93,653
546.87,560
591.448,610
663.413,655
577.866,576
564.088,580
593.156,621
659.204,637
560.979,559
553.488,558
642.572,637
591.907,592
588.956,575
632.483,637
585.139,588
654.764,669
781.149,802
654.764,664
722.478,744
779.334,788
573.588,596
663.658,677
807.598,818
585.167,609
709.958,729
759.514,742
663.488,685
663.637,695
790.08,757
679.559,684
627.276,644
579.209,591
715.331,741
568.835,571
668.691,668
720.5,747
621.688,623
698.349,717
713.725,728
619.602,626
704.411,719
686.774,673
712.209,709
670.02,679
713.276,731
719.437,700
597.358,607
597.172,592
660.995,659
564.529,567
606.525,617
664.679,660
603.273,595
611.515,605
590.322,574
625.516,619
579.375,573
563.303,546
662.237,652
581.118,584
617.599,613
653.706,652
575.801,557
690.857,694
848.859,906
735.447,732
814.488,832
836.686,902
796.798,805
707.861,739
680.353,661
673.591,694
703.92,685
741.203,728
781.799,823
741.603,770
748.922,758
787.974,826
658.593,701
582.777,595
721.444,746
579.254,579
595.465,613
732.467,760
674.189,668
615.878,630
584.181,590
673.339,686
654.374,684
550.223,572
701.454,694
667.272,665
697.184,703
688.493,690
609.002,610
702.931,682
730.639,726
737.742,710
642.184,645
738.276,729
642.66,658
704.765,712
790.579,764
687.947,683
688.68,685
768.48,718
768.288,733
629.531,621
692.329,661
777.016,743
720.927,679
681.999,692
897.602,902
716.551,736
835.627,848
886.567,892
657.132,663
783.184,770
940.656,941
711.711,715
849.796,846
887.943,867
858.282,862
843.143,850
870.963,863
840.39,859
639.217,659
734.79,812
964.902,1038
734.79,797
959.201,1043
918.519,1026
666.481,757
866.416,962
817.39,863
665.674,724
846.56,875
902.557,990
801.682,875
846.491,927
899.641,984
827.65,896
734.79,776
617.418,636
691.048,718
672.878,659
651.83,667
717.076,725
719.826,741
674.385,676
671.973,679
693.93,709
665.953,679
670.808,683
777.707,796
649.716,669
688.597,694
776.002,798
646.491,641
718.387,764
996.919,1040
785.145,824
893.614,991
982.04,1026
695.105,734
855.058,883
1014.141,1080
763.895,801
940.213,986
931.258,982
963.474,1002
903.251,964
927.964,979
940.106,996
678.855,728
578.944,572
693.679,709
566.126,562
636.919,640
690.646,715
599.468,597
668.492,684
684.078,680
565.808,574
671.676,699
661.293,667
685.983,708
645.778,674
638.767,643
684.89,706
606.735,608
555.845,556
648.933,664
562.159,558
596.529,595
656.68,670
576.495,569
590.767,583
585.272,582
576.637,579
585.469,571
574.88,587
627.993,647
587.984,580
573.191,566
636.267,645
584.754,588
750.717,804
969.634,994
775.327,827
959.615,964
954.719,994
675.602,693
849.274,876
942.689,1012
767.422,791
929.057,945
826.274,861
929.179,938
816.301,852
955.702,1002
900.872,926
664.569,693
599.463,618
730.552,761
580.936,602
640.472,668
765.651,761
654.671,666
663.228,673
624.091,632
657.773,690
663.988,679
598.133,618
699.907,746
652.298,671
645.564,688
713.999,737
641.073,647
599.642,583
697.772,704
599.499,585
595.382,596
729.772,706
620.941,592
580.335,579
671.881,657
633.758,627
610.439,614
592.766,605
660.071,657
663.293,637
607.562,597
668.772,656
664.638,634
729.59,775
1019.014,1098
695.105,736
893.046,947
1036.015,1113
785.145,822
973.321,1048
837.003,889
700.596,742
875.958,923
965.051,1049
971.403,1016
974.729,1064
869.636,912
986.939,1030
753.447,807
575.934,584
718.326,725
592.052,596
721.366,697
702.319,717
642.357,658
662.679,638
565.643,573
659.462,646
544.353,557
624.437,600
688.216,677
592.903,604
659.705,659
681.938,676
592.514,597
588.591,612
638.677,625
604.204,625
580.123,568
642.421,625
582.845,574
583.208,568
605.638,600
619.267,586
585.734,588
571.987,583
653.201,637
601.44,591
582.076,623
645.876,632
612.059,591
687.525,752
889.259,898
687.525,748
922.95,916
853.536,881
651.616,658
787.655,794
900.8,963
733.156,730
869.021,840
869.742,886
879.713,862
825.069,853
797.078,845
884.317,868
728.217,732
558.611,568
707.029,727
567.052,569
664.13,684
719.136,726
578.588,580
652.445,662
698.232,708
588.076,602
705.368,711
643.454,648
689.677,688
678.456,676
682.206,704
685.601,682
563.027,580
658.775,653
679.88,699
642.66,654
592.81,588
676.742,689
561.674,575
616.099,628
661.986,669
577.174,576
672.771,671
637.832,643
669.339,685
631.446,624
552.022,561
670.293,683
626.962,626
990.949,888
961.253,958
914.906,856
720.354,726
899.06,954
693.2,699
742.37,760
1045.556,976
727.281,795
909.246,918
886.64,860
922.329,953
865.875,866
638.313,681
954.534,949
924.586,825
779.933,788
809.151,885
729.175,741
656.102,684
813.629,882
698.724,718
746.319,792
666.957,683
617.907,658
673.619,737
705.009,729
778.696,870
596.719,627
703.556,712
756.539,857
640.896,669
722.28,730
910.652,901
736.823,721
614.445,674
885.892,900
715.017,729
712.746,734
685.276,702
715.95,714
798.895,821
777.131,790
823.964,824
727.996,748
773.701,781
835.16,819
684.62,684
634.579,649
734.382,740
632.412,649
703.701,710
734.031,735
743.163,744
633.454,631
613.345,620
700.897,703
644.517,640
657.268,661
712.346,714
692.63,709
737.686,756
726.057,712
571.097,593
719.728,760
936.779,1011
821.974,832
759.09,782
975.779,1013
712.11,735
948.873,999
776.415,770
670.468,682
849.064,918
794.206,795
854.168,936
682.708,702
721.936,726
918.515,934
767.93,785
674.534,676
946.235,958
709.202,731
929.645,915
905.457,946
643.36,646
849.841,853
806.964,817
642.673,643
825.999,811
772.979,786
829.501,809
821.236,814
813.73,837
843.465,813
629.626,624
607.058,600
749.471,779
621.603,611
703.808,725
753.219,773
639.252,646
762.211,814
645.59,625
571.906,581
716.167,774
704.11,696
738.563,780
680.87,757
700.926,693
740.809,764
567.153,591
580.582,599
707.276,706
594.055,608
678.417,692
691.378,704
577.416,576
657.421,664
678.191,682
565.054,573
633.788,648
684.072,688
688.345,699
683.907,700
669.261,678
700.232,703
566.369,573
598.525,610
778.263,764
637.411,643
696.046,713
769.864,762
612.983,617
722.221,729
718.455,739
634.636,613
700.447,739
739.912,765
769.623,777
741.614,773
652.554,673
766.414,782
655.304,649
635.684,626
728.385,735
651.193,627
628.038,619
718.855,739
613.528,612
615.423,629
587.107,605
578.851,598
682.784,697
616.284,623
728.936,750
663.524,689
586.058,611
724.108,750
594.973,606
532.776,547
666.496,669
538.972,544
640.568,602
660.089,667
603.685,598
552.888,548
562.55,574
606.563,634
585.833,594
537.924,539
641.119,646
637.958,644
619.096,609
645.258,647
573.628,585
674.543,674
782.867,816
688.47,700
737.992,764
817.65,813
714.941,743
684.075,685
730.708,706
708.345,723
639.534,660
709.95,704
788.717,797
725.292,740
690.695,722
819.191,801
677.097,680
528.585,537
645.841,648
521.76,530
615.782,616
662.44,654
566.741,575
667.785,650
611.875,626
543.497,557
642.8,637
649.871,647
647.576,634
610.072,606
632.204,636
636.994,633
565.568,567
659.755,652
680.614,698
645.285,654
600.785,589
680.237,690
574.439,579
631.082,631
650.46,669
573.119,577
686.975,675
638.662,644
661.607,685
636.623,628
563.859,565
656.407,681
609.097,630
715.506,723
821.352,840
709.894,725
628.552,629
824.702,860
741.625,750
726.904,751
739.637,753
729.139,758
807.919,842
698.215,743
830.129,846
683.713,717
738.895,729
817.46,833
750.942,739
672.75,674
782.585,801
648.512,660
697.035,736
786.495,792
712.571,716
653.25,663
625.375,654
624.575,654
646.739,658
618.622,633
760.396,786
712.718,730
692.614,702
753.516,786
608.582,651
575.836,569
675.847,673
582.327,572
649.852,657
677.666,673
526.274,532
639.453,659
615.234,622
575.557,565
637.987,652
619.069,624
651.858,665
608.471,620
651.599,659
644.634,664
536.208,540
777.258,809
1022.171,1057
805.613,834
993.384,1051
1020.336,1051
680.049,709
881.579,931
990.144,1013
764.529,797
953.314,1035
866.704,873
965.493,1015
873.104,896
963.086,999
962.966,997
675.393,709
579.563,582
698.935,693
595.804,586
650.675,662
686.73,692
643.406,621
615.223,610
639.442,648
666.799,668
607.365,598
549.754,575
673.257,687
653.011,641
598.284,608
679.542,692
609.881,625
629.798,632
801.501,811
620.326,632
685.528,686
829.082,804
660.02,657
642.139,609
730.157,707
642.887,692
681.813,716
654.589,650
756.785,772
784.91,803
648.435,643
769.27,766
691.854,678
614.163,609
674.198,670
615.667,606
604.695,573
674.976,671
620.937,625
639.932,613
598.537,594
647.521,611
626.542,632
611.03,598
650.516,682
581.159,590
660.748,610
658.762,678
577.071,580
697.644,681
899.657,890
643.033,658
764.692,781
913.56,909
743.838,723
873.008,881
861.765,845
730.287,727
824.42,820
883.675,898
862.229,853
876.251,879
843.732,856
887.087,859
745.168,740
646.755,664
770.253,816
662.592,672
741.909,758
770.279,801
633.819,621
667.276,664
751.531,777
661.979,658
727.527,753
728.645,756
801.265,805
745.409,755
723.888,726
820.388,817
660.499,668
655.397,654
849.955,852
630.471,644
810.869,808
823.42,840
637.762,642
731.861,717
872.987,886
654.158,665
780.344,827
808.021,847
813.895,814
819.225,844
770.694,786
816.511,807
690.303,702
543.472,555
658.095,667
537.997,555
633.086,635
655.942,665
553.667,573
654.654,656
610.487,605
527.607,536
620.324,614
641.515,666
637.818,640
657.025,659
621.035,642
638.021,651
561.056,554
715.657,727
892.053,873
724.197,758
714.734,717
879.868,872
805.137,824
676.437,693
720.76,699
762.763,720
747.165,737
822.884,812
851.544,832
750.227,750
785.358,810
837.422,837
710.013,701
576.54,588
699.135,685
556.276,574
610.167,601
701.171,691
620.056,639
621.837,615
586.53,589
658.387,661
592.274,605
577.11,605
651.444,650
591.408,589
672.205,684
629.341,647
603.245,598
589.885,582
677.608,671
582.851,570
659.745,662
677.745,672
581.947,576
650.052,656
657.064,663
578.075,572
664.802,660
673.657,657
670.072,660
661.261,652
673.889,678
675.692,659
584.535,588
601.229,603
676.064,683
583.716,596
552.728,575
681.425,694
650.452,667
618.057,611
556.889,572
636.92,650
668.705,670
608.207,605
702.613,702
623.25,632
618.817,628
681.596,700
552.121,569
709.476,680
753.378,710
720.179,691
642.636,615
719.93,712
752.694,738
628.719,629
690.721,687
664.01,693
658.776,660
778.723,760
742.624,717
690.856,653
756.197,756
726.635,722
681.414,680
587.3,596
700.886,707
571.663,591
666.181,690
708.999,710
555.888,559
670.061,676
683.621,698
600.073,615
691.573,696
679.528,673
684.488,708
639.012,636
723.198,712
685.799,704
571.263,580
612.462,615
773.081,821
603.116,610
734.799,746
768.656,832
663.601,649
751.353,765
757.614,758
652.129,650
766.897,766
725.581,710
812.889,831
787.002,834
708.051,704
800.157,837
627.352,629
593.862,603
712.348,734
572.837,588
678.077,704
704.568,735
555.027,571
658.808,669
678.14,719
574.826,587
693.569,710
660.922,688
710.077,728
732.269,751
663.385,680
714.871,723
590.65,604
539.927,544
683.29,672
539.751,544
638.03,627
693.86,674
536.152,549
667.919,673
616.751,602
527.66,534
610.903,618
642.852,640
659.987,648
636.156,639
631.052,622
653.168,646
530.971,539
668.343,673
868.195,872
633.369,648
764.778,759
876.034,894
686.513,697
878.408,867
817.306,822
743.741,720
819.941,811
853.996,847
842.691,842
863.867,870
856.158,835
841.067,847
714.858,713
540.063,557
701.182,720
535.795,554
659.223,670
690.674,729
564.079,578
657.159,669
637.783,645
569.832,577
658.672,667
627.416,636
688.32,679
665.845,677
654.787,666
676.619,679
572.651,583
564.429,584
702.496,701
564.429,582
680.707,693
705.031,704
564.712,569
701.787,692
672.717,685
609.798,607
695.213,694
631.417,637
706.333,705
639.027,638
717.525,720
697.479,699
546.292,554
608.734,621
713.211,770
609.735,620
704.491,741
715.602,766
572.845,586
696.595,721
655.183,660
576.249,593
720.249,745
656.941,668
706.628,761
705.245,713
668.226,674
708.858,754
561.186,576
616.919,644
741.134,767
598.208,634
647.647,705
748.446,771
712.61,737
618.697,673
579.611,616
673.424,700
635.246,665
647.658,679
733.329,781
662.448,691
726.063,761
744.587,783
593.441,629
541.877,543
667.491,663
553.702,555
638.15,636
661.375,666
559.47,570
671.222,663
616.209,613
538.692,549
625.458,622
654.159,656
643.158,633
615.7,625
629.21,629
635.098,635
567.649,570
569.686,596
744.955,761
595.745,618
614.983,629
770.729,771
687.479,677
573.707,588
587.365,595
649.085,663
649.635,660
588.502,599
686.942,713
693.377,694
677.235,663
708.645,713
598.663,619
547.071,548
649.478,646
555.347,555
626.39,627
647.851,649
560.709,559
642.004,642
654.649,636
562.383,560
647.426,648
631.369,627
666.353,651
605.742,603
659.43,648
663.218,648
520.161,527
729.59,749
982.04,989
695.105,712
840.003,852
997.349,1014
763.895,776
940.041,947
914.313,950
771.202,787
948.406,964
875.724,900
940.203,959
903.71,913
902.683,948
919.653,945
750.943,773
614.926,618
731.207,719
645.556,638
695.209,648
715.521,714
650.348,621
635.522,640
615.735,624
632.401,615
598.069,580
656.678,676
658.961,665
643.065,592
639.01,641
693.006,667
619.915,626
539.621,549
663.32,684
519.998,538
600.879,616
667.207,695
551.468,557
645.674,655
653.41,659
582.947,588
640.093,648
620.806,629
642.695,645
654.19,661
609.193,612
645.526,644
582.42,584
660.995,664
775.305,796
668.043,670
708.508,714
766.207,795
624.056,621
708.475,721
815.753,799
610.05,605
718.874,714
759.207,744
749.641,760
723.028,714
766.504,756
757.288,763
627.854,626
622.482,625
649.951,648
603.639,607
551.945,559
643.688,653
566.786,585
577.74,580
555.897,566
565.52,560
616.741,612
623.371,628
637.732,626
588.219,584
587.456,599
635.063,629
573.521,574
605.45,596
708.05,736
622.506,630
618.403,626
721.845,730
582.094,591
635.585,622
648.27,660
609.872,605
655.925,644
646.033,646
676.849,665
627.718,655
592.674,597
672.307,661
604.098,622
665.452,656
787.591,785
667.638,654
679.724,644
781.655,773
664.631,636
662.979,668
703.663,676
645.709,629
709.274,709
692.362,678
741.423,729
688.573,685
676.339,657
749.252,728
640.132,617
570.289,577
675.927,681
578.203,580
644.17,638
680.404,689
572.173,576
643.233,644
623.115,636
567.36,565
637.695,643
651.81,669
665.581,687
693.273,677
643.246,663
674.112,679
585.986,580
564.771,565
656.696,681
566.553,568
642.517,649
664.25,683
578.237,592
632.479,633
679.564,686
589.21,584
587.306,601
718.75,723
658.201,665
605.459,623
714.349,743
656.146,664
558.947,564
687.745,683
710.85,777
679.223,679
612.269,655
729.683,767
642.275,674
650.653,670
644.049,647
664.402,669
641.475,646
607.265,607
734.138,755
637.016,634
644.252,639
771.362,753
628.94,683
589.735,573
695.457,701
590.797,580
663.819,681
699.326,708
590.158,574
704.085,707
703.174,687
621.969,609
691.484,706
656.556,653
713.429,721
652.697,638
722.714,722
718.771,714
571.796,553
606.705,618
695.807,714
585.497,591
662.546,683
694.847,716
623.018,610
697.792,714
679.02,674
611.552,613
679.641,686
678.66,687
735.727,737
672.789,685
710.468,704
734.315,737
579.315,588
598.856,598
740.432,767
569.141,585
637.47,601
746.977,778
677.698,686
625.872,590
644.551,603
702.536,685
695.323,695
582.541,603
726.101,733
707.733,701
686.142,680
739.324,725
636.573,616
618.159,628
789.839,778
623.142,627
701.956,681
815.006,782
657.616,640
735.44,735
731.952,717
682.917,665
746.307,765
735.88,748
764.196,785
738.913,744
684.01,686
768.537,794
653.63,660
590.633,589
731.544,741
625.283,615
704.501,698
724.622,734
573.744,574
649.848,661
708.529,726
606.969,598
725.624,733
703.508,713
751.339,746
714.689,740
635.757,633
745.725,750
608.604,624
572.731,565
673.076,679
594.646,583
648.412,655
677.721,675
564.663,564
641.318,658
625.544,629
576.466,571
640.267,653
646.006,650
672.98,662
646.439,647
648.484,633
672.552,662
579.406,572
658.915,659
854.129,856
619.083,638
764.766,756
848.565,873
716.3,696
836.791,845
803.121,811
698.308,700
800.673,792
838.076,864
808.009,821
837.922,848
813.955,821
811.214,827
709.441,715
739.137,756
885.333,948
744.714,775
876.222,868
864.935,945
721.273,758
845.276,944
975.683,967
786.099,828
959.384,1071
920.975,946
956.795,1027
933.054,1003
938.375,960
908.987,1000
753.447,790
610.902,591
660.545,650
607.377,593
595.746,592
675.06,652
575.895,567
656.482,632
642.801,643
613.929,611
630.755,612
620.898,611
669.365,643
580.845,576
578.543,577
655.086,642
599.321,589
572.482,568
661.471,699
546.062,561
625.441,623
667.959,703
583.109,582
566.893,581
541.423,545
602.153,594
578.653,597
518.212,534
650.917,672
611.312,636
592.564,593
646.495,666
552.235,553
691.976,689
792.155,801
744.244,741
671.407,676
834.726,801
792.861,760
699.509,664
690.697,683
729.475,728
700.222,743
671.294,694
743.286,772
697.21,745
744.383,771
729.318,764
751.323,727
734.159,737
916.864,942
760.882,759
948.963,936
927.062,936
637.754,655
843.721,837
888.578,906
738.53,727
908.753,922
773.166,789
916.129,906
804.79,811
893.632,895
890.97,891
639.403,656
692.09,691
886.681,888
648.59,663
794.356,781
887.692,905
702.853,726
840.321,845
843.609,856
730.928,721
858.606,864
816.082,839
832.171,856
810.445,815
825.493,854
832.123,845
707.486,724
679.544,631
735.275,739
664.165,640
543.934,558
714.498,735
556.502,565
601.879,613
638.13,660
577.478,592
685.718,693
608.276,619
689.399,688
643.651,634
562.165,568
685.992,687
650.576,657
525.513,537
664.462,675
549.969,560
636.641,653
651.838,672
568.444,573
642.272,661
613.958,632
555.44,565
630.169,654
613.816,638
627.158,648
626.425,644
620.221,640
632.273,645
542.011,550
557.08,580
705.984,711
553.666,571
656.389,669
703.627,723
571.193,586
658.189,677
684.238,710
596.165,620
651.406,670
706.228,710
698.799,712
677.575,695
644.726,672
712.353,718
601.166,618
660.957,672
921.639,930
657.27,665
857.894,851
901.425,927
637.722,653
827.255,819
790.102,803
656.79,651
784.615,798
869.092,880
824.205,809
892.483,908
785.818,784
817.536,828
694.233,690
579.974,600
691.261,699
587.154,601
665.825,689
693.075,700
556.616,573
676.645,698
627.591,657
548.899,567
640.957,650
684.426,700
700.452,697
663.636,683
640.244,660
689.451,695
565.737,578
685.156,650
939.551,886
673.566,647
842.744,822
964.774,902
761.074,740
950.667,906
801.699,789
673.033,670
832.931,784
890.047,892
822.706,784
873.051,887
789.017,787
820.887,803
712.209,696
633.73,650
819.656,830
677.739,693
787.495,792
805.062,824
614.039,625
711.508,723
812.114,829
647.745,665
772.267,785
796.086,819
819.091,825
784.816,786
728.056,741
800.468,834
612.729,647
599.325,600
722.425,740
636.052,610
709.142,675
728.068,739
635.357,632
633.867,636
580.201,580
628.309,618
620.051,616
592.404,583
730.73,723
659.835,651
613.963,607
723.746,728
608.825,600
561.726,555
662.725,637
587.466,566
662.249,643
652.404,634
524.09,532
610.624,589
682.776,642
549.855,552
641.186,618
662.373,628
663.389,634
647.025,636
656.729,633
643.895,632
540.796,542
610.384,614
787.223,790
619.201,618
718.486,696
783.972,791
671.246,689
780.402,775
710.592,711
623.266,617
724.906,742
790.591,799
754.581,751
748.647,738
695.925,712
741.202,747
661.798,664
566.985,585
687.557,736
597.809,610
636.616,690
716.879,734
534.437,573
608.805,650
614.849,615
561.303,586
615.02,636
647.364,645
729.398,720
652.223,680
611.05,617
713.457,738
539.899,569
552.895,568
669.651,675
559.3,565
633.686,628
671.38,682
571.851,575
654.885,646
641.904,650
573.237,570
688.23,690
638.999,653
722.297,712
691.673,692
665.325,675
709.96,709
565.72,568
634.522,636
834.28,824
670.675,668
788.359,764
825.485,819
646.284,651
792.771,793
791.946,770
619.969,623
764.733,782
825.574,797
813.415,824
835.507,840
722.863,700
815.594,825
685.704,678
543.71,565
654.31,657
570.069,577
626.13,643
649.992,652
575.102,572
616.069,626
611.647,621
536.626,541
594.283,609
650.798,656
649.603,647
607.888,623
642.347,642
645.404,652
531.709,544
633.561,626
771.399,795
619.618,617
723.456,723
794.291,802
641.383,644
725.419,735
741.047,743
674.325,665
769.319,764
722.987,732
792.65,774
715.448,705
763.774,763
774.571,771
626.347,624
712.866,716
957.951,956
760.558,764
879.719,910
936.622,944
687.263,686
813.003,822
965.776,984
735.089,743
898.402,903
905.419,904
910.75,920
893.626,894
904.974,902
913.766,916
671.476,682
586.781,582
687.546,685
594.728,591
658.884,664
681.371,685
657.056,660
585.505,584
556.404,568
637.341,627
564.919,558
629.865,597
661.808,643
635.934,638
660.954,646
659.903,647
547.682,562
630.903,666
742.254,733
639.989,677
640.942,662
711.211,728
667.207,693
628.462,616
602.252,599
591.113,620
607.242,630
662.9,691
696.387,710
657.34,688
727.84,723
716.394,711
632.655,636
757.845,789
890.552,929
797.522,806
858.518,827
870.091,912
763.408,761
725.067,765
739.392,792
671.718,695
723.032,745
785.59,822
848.195,859
781.979,808
677.321,722
862.668,874
796.241,784
555.242,574
708.903,745
541.925,556
669.032,693
705.802,742
611.254,610
695.823,728
603.059,595
538.725,559
687.054,679
682.73,679
700.07,714
693.024,719
668.198,661
698.358,720
596.685,598
560.221,556
668.01,649
565.055,555
638.89,612
658.013,648
557.811,562
640.539,620
635.502,607
546.227,548
668.983,657
628.551,611
677.946,673
624.968,619
634.848,614
681.149,669
553.396,551
621.161,615
663.54,676
600.323,616
613.29,607
691.154,681
639.798,644
605.916,602
580.761,580
589.406,605
639.178,637
597.406,611
706.986,701
653.501,644
645.638,664
710.026,700
558.839,569
604.645,604
688.917,687
623.367,602
606.602,600
670.805,680
614.048,605
580.558,587
604.574,593
573.635,572
591.245,587
621.657,620
644.532,646
612.11,601
637.929,630
661.676,645
585.427,573
615.571,625
676.305,680
609.754,619
656.548,673
673.795,682
674.927,664
619.788,633
612.788,616
655.005,658
595.712,594
585.684,586
714.533,720
625.385,631
687.532,656
713.563,716
590.81,603
564.567,565
653.801,652
577.277,578
640.896,632
648.324,651
543.364,551
627.179,644
632.889,648
560.57,567
655.541,646
594.153,617
665.632,666
625.304,615
617.638,638
668.31,670
516.517,534
641.615,641
721.325,712
645.745,645
697.211,678
721.64,714
624.923,615
601.609,621
655.953,654
643.116,660
624.65,610
656.499,632
756.001,728
683.965,674
672.908,654
744.938,731
609.414,626
603.384,627
718.897,733
591.911,613
650.537,652
757.358,734
614.027,633
710.908,689
644.288,631
683.694,690
630.11,642
585.999,604
711.958,712
606.326,607
664.751,661
708.611,701
642.239,636
512.226,527
644.678,658
532.08,553
634.242,643
641.458,658
521.063,536
609.759,611
617.356,648
554.0,570
643.883,645
607.499,643
629.972,630
607.066,621
646.519,671
625.659,627
562.478,555
572.213,580
638.211,655
578.198,581
634.125,626
659.691,659
643.755,654
592.369,583
567.048,562
675.66,693
528.695,554
612.6,621
652.699,665
575.428,593
678.034,701
643.605,662
573.357,580
665.138,667
730.225,801
647.859,655
737.102,773
731.556,791
605.801,621
705.949,737
703.419,711
618.355,635
723.289,739
704.604,697
741.237,783
658.405,676
760.233,755
738.217,770
579.14,591
777.258,787
1022.171,1022
804.896,807
1001.477,1004
1020.336,1018
680.049,693
912.22,894
986.451,971
785.144,776
987.246,990
872.968,842
982.334,973
873.104,863
951.996,960
960.906,956
675.393,693
656.991,672
858.128,858
717.757,719
816.938,800
856.197,851
649.791,650
739.18,742
973.877,943
718.787,719
875.967,871
884.674,858
822.05,839
844.554,832
841.249,804
833.494,832
718.672,739
731.128,760
960.354,1002
773.437,827
881.196,918
944.682,995
698.537,728
802.827,856
1054.231,1127
786.099,827
934.169,1022
960.261,1007
935.296,982
929.819,974
888.622,950
902.048,974
787.687,834
618.536,609
675.305,677
602.439,596
660.919,671
664.296,674
573.47,583
649.391,660
696.033,678
562.587,568
645.648,652
644.593,651
671.286,678
608.363,610
719.241,708
668.603,674
532.521,543
588.788,576
719.781,742
610.35,611
688.568,674
725.118,740
593.749,603
696.254,704
658.981,665
580.011,575
666.343,665
691.1,697
695.993,686
674.397,676
686.715,693
698.096,682
574.37,581
612.497,624
716.549,729
617.295,624
677.471,660
734.039,734
665.94,644
616.157,624
606.012,607
640.823,636
632.245,627
641.466,627
713.23,710
643.592,669
669.65,672
723.105,718
588.835,591
647.554,632
688.859,678
627.124,607
620.687,604
675.296,678
588.271,586
691.758,668
634.16,634
580.654,584
643.314,621
625.575,623
677.153,676
558.362,557
599.935,582
674.667,674
659.486,634
609.668,627
775.202,805
611.024,627
690.287,718
783.21,804
708.901,702
654.513,637
661.235,651
674.49,693
621.824,625
614.915,613
695.51,721
713.657,708
675.806,684
706.806,723
620.733,648
533.807,541
658.088,650
553.54,559
642.236,625
667.059,653
590.584,572
665.194,638
636.803,645
550.094,567
646.272,632
633.322,625
657.629,655
615.127,604
643.753,646
658.189,649
559.283,560
654.191,676
710.708,717
662.801,678
637.684,646
703.743,712
696.547,696
587.186,581
591.263,586
607.56,610
584.982,585
661.136,673
675.034,681
647.36,661
688.818,702
676.735,685
595.121,599
609.215,618
787.857,785
636.005,657
732.767,749
769.918,784
622.854,616
693.873,695
775.489,777
635.218,644
716.464,730
738.474,772
780.194,774
750.97,780
750.579,760
757.773,773
615.981,616
733.705,753
996.919,1035
785.144,803
927.012,982
982.04,1018
695.105,718
863.983,882
1023.432,1055
753.447,777
942.175,970
950.517,974
950.9,991
923.195,968
930.203,962
948.483,989
682.104,713
576.759,575
714.134,758
574.63,582
677.981,706
709.904,749
561.85,575
666.346,669
664.503,699
559.396,564
640.352,659
656.996,682
677.093,695
673.437,708
646.868,658
685.6,701
588.563,606
669.5,699
911.908,948
659.733,699
820.998,839
935.929,954
734.79,775
914.724,967
897.783,871
664.307,681
860.637,853
954.031,948
885.951,865
932.196,923
800.63,806
875.033,862
706.943,782
716.146,725
957.951,976
760.558,774
879.719,927
936.622,963
687.263,694
813.003,836
956.76,1003
735.089,751
898.402,918
905.419,922
910.75,937
893.627,914
882.354,918
913.766,934
671.476,689
575.628,595
723.602,732
606.284,617
697.303,707
717.057,729
656.872,660
610.386,628
608.563,631
652.795,659
583.833,591
613.798,613
694.044,695
658.114,663
693.821,690
694.025,695
597.12,609
582.048,592
713.253,728
577.987,585
690.394,703
700.096,732
614.581,629
715.414,743
664.948,660
577.402,586
684.263,691
691.474,710
732.71,734
672.532,683
675.029,687
733.62,735
604.323,622
689.303,682
986.042,1028
686.463,670
869.138,883
970.29,1031
727.897,727
895.494,865
709.422,664
728.033,717
807.918,770
781.586,739
923.861,870
836.54,799
828.691,780
963.062,875
767.563,742
642.322,648
625.37,637
650.339,657
576.894,594
633.654,635
575.261,580
636.333,644
646.992,667
576.594,594
624.589,622
630.417,636
666.705,673
581.058,569
574.823,567
666.107,672
621.309,638
626.378,630
749.777,735
672.984,677
641.094,640
763.392,736
707.789,684
657.565,648
717.18,692
629.794,629
620.939,632
684.565,691
693.875,688
665.151,636
688.388,649
702.252,691
665.227,640
664.54,711
844.28,862
682.053,706
715.913,775
847.978,876
701.092,732
620.836,642
689.445,704
665.666,703
748.632,729
727.237,802
829.767,846
851.523,862
749.307,777
868.913,862
662.906,704
640.31,659
756.207,806
630.737,649
729.493,752
762.118,804
649.658,646
729.514,739
707.881,742
597.668,605
694.983,705
744.058,769
757.251,779
791.802,802
717.093,747
778.153,795
604.727,612
635.755,615
721.923,751
616.251,638
715.507,703
727.729,740
648.907,672
609.405,618
591.514,588
642.965,648
586.054,605
614.115,631
739.521,746
640.014,682
657.505,683
729.335,742
602.413,610
733.705,778
996.919,1049
785.144,841
927.012,978
982.04,1038
695.105,736
863.983,894
1031.072,1114
763.895,813
942.175,970
966.323,1011
938.002,992
923.195,980
955.913,1018
944.561,990
682.104,731
602.442,616
774.455,776
609.982,624
704.931,702
765.156,775
651.282,660
741.931,763
696.711,708
630.117,640
755.253,755
705.619,713
807.34,806
779.321,794
750.759,750
800.135,800
630.332,623
652.007,648
723.543,689
673.773,673
635.388,602
702.037,688
617.347,643
657.602,637
676.013,650
623.449,602
640.074,632
628.583,617
735.815,716
624.966,600
563.674,567
710.12,707
628.833,619
714.108,709
766.678,816
687.978,686
669.958,696
749.144,823
656.819,660
740.255,772
648.07,650
622.347,633
697.297,677
688.565,682
709.725,748
589.808,608
735.261,696
722.879,756
704.315,673
777.258,759
1043.571,965
804.896,776
1001.477,957
1000.207,962
680.049,672
912.22,857
972.256,925
785.144,748
987.246,946
847.38,809
982.334,930
873.104,825
951.996,913
960.906,914
675.393,672
704.867,712
914.145,952
672.811,687
816.341,830
958.918,975
747.03,758
919.083,938
892.493,897
749.129,761
864.898,877
927.649,962
890.589,911
916.382,943
895.101,913
900.909,918
762.659,780
668.076,692
892.853,929
643.009,664
793.339,824
915.5,942
748.343,741
859.584,889
770.105,798
658.042,671
783.591,813
918.995,945
874.528,873
878.014,908
805.074,822
867.134,882
733.36,725
617.763,639
690.322,723
607.896,635
615.063,597
684.068,728
615.313,623
637.072,650
547.443,598
563.358,568
633.032,673
617.57,640
646.221,681
616.194,621
593.891,605
645.632,675
627.324,617
618.564,632
712.444,723
627.924,631
637.891,643
724.948,729
608.609,619
678.958,679
627.317,638
608.185,602
656.812,662
612.279,619
715.557,716
613.574,620
593.368,598
723.047,721
655.728,650
580.079,588
687.307,704
596.038,607
680.802,690
686.572,700
558.116,575
665.136,656
700.715,731
590.173,612
668.31,680
667.852,666
685.898,696
689.582,699
702.378,721
681.327,695
573.368,580
644.215,678
874.929,916
648.224,659
863.038,848
884.735,911
648.442,658
833.336,838
784.301,797
626.775,648
796.286,794
828.324,830
789.29,804
891.235,885
724.001,715
822.095,819
683.671,719
704.867,716
929.418,955
672.811,690
816.341,830
942.234,977
747.03,760
919.083,937
892.493,901
757.357,765
864.898,880
927.649,966
890.589,911
916.382,943
895.101,920
900.909,917
762.659,782
810.621,821
843.591,939
759.705,800
711.626,738
858.9,933
635.022,677
752.17,759
825.379,831
650.977,694
746.344,792
848.378,856
816.854,885
739.551,762
687.285,716
853.756,893
746.226,783
712.866,704
957.951,932
760.558,752
879.719,885
936.622,921
687.263,676
813.003,802
965.776,964
735.089,732
898.402,880
905.419,885
910.75,896
893.627,872
904.974,884
913.766,891
671.476,672
698.07,704
937.034,895
714.48,720
702.196,720
904.566,885
725.74,738
696.901,715
717.704,720
758.676,746
829.025,809
785.264,776
845.152,850
809.66,800
786.458,760
842.729,846
693.011,708
656.728,674
730.468,772
695.138,690
724.616,722
727.583,759
620.868,641
638.645,680
614.452,650
635.568,643
632.791,671
618.641,644
730.055,783
720.813,737
676.331,684
747.284,779
590.643,608
561.248,565
667.497,680
578.191,578
612.83,622
674.427,679
538.655,547
621.817,636
686.082,698
570.166,576
632.212,652
671.328,683
646.962,660
626.945,654
676.524,680
635.697,655
582.712,582
631.64,626
818.156,784
656.212,642
724.284,753
792.646,781
646.357,630
737.214,754
743.207,741
669.763,663
770.681,790
727.591,742
763.846,748
694.973,693
787.691,790
763.724,748
592.032,597
617.042,632
675.607,673
618.629,616
557.28,555
663.781,677
544.313,555
587.024,590
640.301,639
588.439,596
651.687,646
611.969,600
670.347,667
619.574,607
555.328,554
672.495,659
625.617,634
608.21,608
691.178,720
604.129,616
656.746,701
706.324,726
671.392,652
631.288,647
636.667,632
639.333,634
591.938,583
634.092,612
733.441,737
627.645,634
652.681,637
723.51,737
643.364,631
640.441,687
856.548,815
729.009,713
678.421,683
831.41,827
754.735,716
680.136,724
789.908,783
789.327,797
832.504,775
665.375,679
885.222,867
725.931,736
617.886,670
882.327,862
683.29,705
656.243,677
885.087,879
716.307,722
839.01,834
862.782,871
654.855,646
781.286,773
890.161,912
692.065,701
822.705,826
836.297,838
825.215,842
813.995,826
835.803,850
804.704,839
629.533,642
568.74,561
678.05,681
578.138,577
658.424,653
668.666,679
548.371,545
650.754,659
606.451,630
574.477,568
645.493,656
613.942,632
664.928,663
634.805,625
622.155,648
669.279,665
567.312,563
695.077,716
853.047,879
695.076,703
850.092,852
848.609,874
683.813,695
779.541,793
811.362,836
684.936,698
815.002,825
807.199,815
799.425,819
751.277,762
865.858,888
815.272,812
621.955,628
577.484,578
697.172,715
557.682,568
687.324,681
695.947,712
598.817,599
684.042,698
628.902,625
544.946,557
657.366,655
676.5,684
702.224,688
666.593,681
631.581,630
690.354,692
587.316,593
685.873,707
805.059,820
663.136,677
661.485,685
800.955,820
672.134,686
642.057,674
695.303,724
696.44,714
747.239,757
659.875,663
789.466,802
737.49,747
655.545,668
787.26,797
643.316,671
607.385,620
644.359,641
604.87,636
554.473,563
638.339,638
595.778,590
577.487,579
621.433,628
542.575,556
594.978,600
622.925,648
623.118,631
588.168,590
574.509,577
632.761,636
584.196,592
777.258,814
968.987,1036
804.896,838
996.414,1041
968.793,1032
680.049,708
886.903,925
982.861,1023
785.145,800
956.651,1019
890.021,879
965.493,1002
873.104,888
951.996,1008
962.966,985
675.393,709
563.036,570
735.234,738
579.13,586
661.843,673
715.304,743
588.442,609
690.222,708
721.236,724
617.845,628
699.505,706
639.544,655
698.471,710
668.493,669
700.946,721
717.93,704
582.863,586
621.802,606
681.974,683
633.72,606
635.98,640
670.822,679
557.365,565
635.987,645
709.372,723
591.568,600
647.983,651
706.837,717
695.136,690
656.452,657
691.5,712
681.766,681
592.775,587
625.225,632
745.509,738
593.908,599
675.867,663
736.023,731
657.92,688
668.37,695
606.524,628
686.937,691
604.385,623
583.807,597
715.18,746
582.532,588
656.823,675
721.058,732
590.953,610
633.138,630
728.53,745
600.192,625
628.986,621
725.307,739
575.868,580
672.369,679
597.057,614
588.042,585
668.944,695
616.632,630
687.75,716
621.558,629
597.466,591
696.441,718
613.648,626
884.174,850
964.014,955
788.849,799
818.283,772
927.549,944
869.309,865
849.226,800
698.791,667
753.753,740
779.384,756
769.104,783
886.291,844
719.967,731
962.844,874
928.459,831
739.751,719
536.508,544
671.655,694
533.626,544
617.301,631
680.487,699
567.796,577
673.996,684
592.821,583
548.762,557
631.615,664
633.48,638
673.212,690
655.534,649
634.096,643
669.227,680
547.03,548
733.705,764
996.919,1044
785.144,822
927.012,998
982.04,1030
695.105,730
863.983,893
1023.432,1077
753.447,798
942.175,987
950.517,981
942.565,1005
923.195,969
930.203,982
950.008,1000
682.104,725
548.81,558
667.42,662
546.503,563
632.869,627
675.061,663
572.281,572
663.16,669
666.925,659
566.799,571
656.099,666
665.486,660
683.718,681
683.689,686
651.955,651
681.377,685
547.334,557
598.183,597
735.022,749
581.077,587
628.378,641
746.853,759
643.023,645
680.756,684
678.729,689
571.86,582
685.363,687
711.373,717
740.742,719
697.983,704
719.416,741
713.392,722
591.663,598
753.028,763
972.489,982
769.483,783
950.408,968
967.231,978
658.631,675
867.828,865
925.829,938
760.558,754
936.025,954
792.088,815
935.605,939
852.623,836
903.052,927
921.267,923
664.569,675
561.049,567
702.059,702
579.501,583
662.023,672
707.602,712
565.563,572
690.985,688
706.102,689
613.815,608
706.012,700
650.579,655
714.477,708
637.987,639
715.77,700
710.581,704
548.979,568
645.969,659
799.139,807
633.642,642
725.518,731
796.105,805
646.823,625
708.697,737
740.527,747
591.413,595
700.816,727
748.121,739
752.663,751
714.691,733
730.365,740
745.014,746
633.755,623
686.703,661
713.685,744
668.174,635
698.358,699
723.095,733
682.6,699
678.278,659
644.383,635
662.994,677
602.208,615
622.39,618
735.103,756
653.091,660
685.744,698
744.768,753
630.994,630
699.035,698
870.264,913
664.842,673
836.259,860
880.893,917
650.455,659
843.167,889
792.535,791
665.339,661
778.51,784
804.555,816
837.587,845
852.502,917
734.655,732
797.315,865
711.659,702
704.923,688
710.322,725
726.65,673
651.137,647
705.403,720
631.433,636
681.877,703
678.038,697
671.668,653
678.984,698
654.589,648
762.503,793
622.414,641
625.504,636
761.371,788
661.146,664
545.822,550
668.247,674
549.528,546
642.39,636
664.024,672
530.186,534
621.46,629
643.713,641
554.052,554
645.566,639
631.271,638
658.558,642
663.458,666
580.893,580
656.418,648
575.419,575
536.472,545
662.865,667
563.837,562
624.948,638
660.825,669
557.799,561
612.902,626
617.91,623
536.874,544
612.1,616
652.607,655
641.359,647
632.58,635
614.195,631
640.708,643
552.136,559
579.052,585
684.71,683
601.036,614
689.294,687
692.14,681
660.947,664
602.433,599
604.047,596
643.661,627
576.971,580
602.353,623
663.219,666
668.589,671
636.626,665
665.41,672
603.49,609
622.762,633
651.191,655
647.369,630
611.868,623
664.876,654
572.619,607
614.93,657
578.246,575
588.315,589
584.256,605
592.34,607
653.878,674
567.383,584
616.344,657
653.233,667
572.553,589
588.839,615
705.574,703
592.008,609
693.029,693
699.813,696
584.352,583
654.83,665
648.031,677
560.705,568
660.161,669
692.723,711
683.077,684
671.905,669
685.769,721
686.841,684
564.909,563
591.198,594
692.422,702
583.797,584
639.125,668
716.378,717
665.989,664
652.179,658
594.802,600
671.802,679
621.598,615
628.79,626
708.877,716
636.971,630
687.522,690
717.071,713
604.307,615
564.473,562
684.257,697
572.018,566
649.308,674
685.354,693
558.639,556
646.776,643
642.896,647
555.676,562
633.443,651
647.999,655
656.073,667
656.411,669
633.939,638
655.064,663
564.978,569
629.034,608
709.217,684
649.124,618
576.325,564
699.043,690
604.628,584
627.118,629
621.995,604
598.99,578
652.312,647
646.119,641
675.146,665
601.513,575
615.137,594
673.029,663
629.261,614
654.563,654
700.524,702
665.771,658
700.868,701
705.055,706
753.238,716
647.85,645
687.234,686
753.871,755
622.738,620
675.297,686
738.522,762
668.776,672
703.131,727
760.522,765
602.999,608
660.228,665
873.964,866
641.859,644
788.045,762
874.173,884
687.657,703
842.086,852
800.542,821
695.634,707
799.237,802
852.169,875
825.618,829
882.463,857
832.0,834
828.073,835
715.247,722
666.454,675
862.135,886
722.832,718
826.526,848
854.23,875
646.622,649
776.767,774
912.09,901
694.575,699
843.406,845
835.418,831
837.912,857
813.483,827
848.494,836
837.236,853
645.413,645
689.193,769
892.668,987
730.015,826
880.279,945
878.526,964
831.465,922
737.938,783
646.93,703
717.437,749
634.3,672
781.002,828
830.95,879
717.186,825
856.5,875
840.543,903
664.557,722
593.74,595
738.369,736
611.63,609
703.746,715
737.736,734
603.817,598
676.465,700
694.845,706
593.384,581
711.578,722
641.939,664
742.387,734
649.555,645
685.563,688
715.471,727
575.342,581
750.891,747
948.005,957
771.317,770
954.208,955
948.435,951
640.488,663
857.925,851
904.461,923
747.428,737
917.063,940
779.98,802
915.811,923
822.628,823
900.44,911
915.003,908
646.578,663
615.471,619
811.44,840
643.023,642
711.681,718
817.644,843
635.911,641
740.737,763
764.601,785
645.824,637
770.402,785
720.114,741
763.576,769
697.995,709
752.433,767
747.864,761
624.181,629
601.561,608
668.178,697
615.704,616
598.155,624
675.913,693
548.186,560
626.448,659
588.694,594
558.092,559
617.016,612
592.305,602
658.575,660
558.451,570
541.23,560
650.49,659
607.344,600
580.296,578
703.065,712
576.16,578
677.745,686
709.379,712
573.632,578
686.262,700
646.849,639
552.851,561
675.751,677
678.581,669
683.179,682
687.804,688
686.101,665
676.699,675
543.286,559
671.968,687
899.335,933
722.56,722
883.403,861
902.631,925
724.773,705
871.817,925
869.768,816
640.488,652
858.499,876
921.076,871
948.411,942
904.562,973
814.248,762
944.345,947
662.249,691
619.394,618
719.675,719
650.247,645
722.561,720
744.422,720
702.083,680
747.604,741
735.512,714
652.697,638
723.305,732
808.706,815
749.017,763
624.374,630
777.194,790
729.566,762
611.683,605
605.2,612
717.972,745
584.209,592
696.042,694
714.453,746
663.14,659
649.071,634
587.786,596
667.823,678
608.958,629
571.057,582
754.741,730
661.461,680
667.498,690
736.901,726
554.235,571
733.705,730
996.919,987
785.144,780
927.012,942
982.04,974
695.105,699
863.983,848
1014.141,1011
763.895,757
942.175,932
931.258,929
950.9,950
923.195,922
927.964,926
948.483,946
678.855,694
545.726,558
676.138,698
530.435,553
644.971,653
698.89,710
580.166,594
687.703,698
656.821,659
575.747,580
669.458,676
660.189,681
692.092,692
681.366,694
646.372,662
685.136,694
578.384,580
585.07,578
687.343,686
600.157,605
664.568,662
702.509,693
592.507,587
651.676,645
722.448,741
603.187,608
661.963,641
699.036,715
679.88,667
668.323,668
734.411,765
682.53,667
588.848,577
589.302,598
717.679,740
593.777,612
685.39,703
711.293,728
595.613,584
660.269,650
678.033,683
575.998,592
699.798,696
692.896,692
750.874,775
723.276,732
684.409,693
747.129,774
595.057,605
725.621,759
730.31,757
731.47,764
601.285,704
710.184,760
656.231,723
742.604,800
678.84,730
623.449,693
693.122,724
767.411,805
747.765,755
585.014,624
728.613,748
727.539,756
727.956,727
591.35,588
716.997,747
592.311,606
638.834,651
730.946,751
602.788,628
658.756,664
677.29,659
673.615,668
649.56,646
613.025,602
733.447,719
638.837,641
602.018,607
715.34,725
630.57,631
598.78,594
663.952,686
611.651,643
625.61,611
666.613,681
577.491,627
595.147,612
598.474,610
543.2,565
598.491,594
618.538,653
643.823,656
596.729,602
553.854,606
642.15,658
600.607,605
547.398,553
673.51,668
540.214,551
617.088,625
667.771,671
524.106,534
643.647,650
630.693,636
558.335,559
639.733,654
619.621,633
643.053,675
649.171,653
618.765,620
644.821,671
566.629,565
